arm,piece,work,n,K,r2c_velocity,r_velocity,r2_velocity,b_velocity,r2c_r07_velocity,ratio_analytic_velocity,r2c_true_velocity,r2c_log_ioi,r_log_ioi,r2_log_ioi,b_log_ioi,r2c_r07_log_ioi,ratio_analytic_log_ioi,r2c_true_log_ioi,ioi_offset,r2c_vs_rest_velocity,ratio_emp_velocity,r2c_vs_rest_log_ioi,ratio_emp_log_ioi,cap_model,axes_ratio,cond_r2_zero,cond_r2_perf_mean,cond_r2_expert_basis,cond_r2_model_basis
frozen_r07_p95,albeniz_op71_no6,albeniz_op71_no6,48,16,0.4955396330591584,0.704475014489495,0.4962850460399742,0.6771727621865095,0.4955370968709284,0.5740642313821138,0.5133828540750399,0.21884469711676346,0.4678170434988871,0.2188527861880396,0.46497291423387455,0.1741861985571025,0.23393266118557104,0.22251101891685732,0.06372333591094023,0.4873869780584794,0.5732698398705601,0.21390326432571216,0.23055967272612374,0.047242377161616556,0.30729138805944967,0.0,-0.017300074747856664,0.11056924313713179,-0.044219117806222785
frozen_r07_p95,bach_bwv825_mv1,bach_bwv825,50,16,0.3247336912972346,0.6742311116158349,0.45458759187072445,1.0345835787552868,0.32473365097846196,0.36987861103766284,0.33466528022926056,-0.11599956636269537,0.3315165001748969,0.10990318988821243,0.8068087852489428,-0.11868043429719166,-0.12846560324936399,-0.11880723286206107,0.007935678460783411,0.31627505098324643,0.3638197378471082,-0.12139009083687516,-0.13422689414131322,0.08123587705176519,0.24891711575711653,0.0,-0.059533647668087886,0.13095618784437235,-0.014853768620373797
frozen_r07_p95,bach_bwv825_mv5,bach_bwv825,15,16,0.2672203661862016,0.5498334332012942,0.30231680426592206,0.7371738668500936,0.26720510494517935,0.3838849689057726,0.31743663764196484,-0.14538214875416355,0.19797918621563795,0.03919575817460625,0.6276044961413564,-0.1622365934005281,-0.20601850233942143,-0.1718291451005447,0.01689187902234427,,,,,,,0.0,-0.08551618299444042,0.06166747783374449,-0.0025979630062618053
frozen_r07_p95,bach_bwv849_fugue,bach_bwv849,50,16,0.46888617968742974,0.7027910113301442,0.49391520560644686,0.8609966557269779,0.46888510890780233,0.5343975826778008,0.48333585498161524,-0.182526922979662,0.544330834261509,0.29629605712783036,1.236301194976108,-0.2564176928788502,-0.19850345616922946,-0.1861890126087553,-0.026277628611478095,0.46191593015993443,0.5329068199229152,-0.179631385663272,-0.19727744755792237,0.22131664826416872,0.38931547970154234,0.0,-0.2645953301730297,0.04756361889120686,-0.038177706305273285
frozen_r07_p95,bach_bwv849_prelude,bach_bwv849,48,16,0.36580821172149425,0.705426826241794,0.4976270071815702,1.068495408551081,0.36580821088917637,0.4318860960515283,0.38106815982544895,0.08918187950307044,0.4123953026605381,0.17006988565647682,0.696803470886077,0.08717493341866844,0.10118528611635687,0.09234415703180932,-0.010879082612415908,0.3643402566438162,0.4371125983253472,0.07694803133611536,0.09070241347332844,0.11033831710453819,0.3130409078709253,0.0,-0.08972551368730275,0.07544241904803695,0.0038048596199984352
frozen_r07_p95,bach_bwv851_fugue,bach_bwv851,42,16,0.3262058436490628,0.6718708823394537,0.451410482535596,1.0257135576720553,0.324588063325593,0.4220877348545005,0.35028831696266793,0.06793545652347177,0.4123272126325944,0.17001373027736474,0.7318241199007132,0.06441000229292049,0.0912582667948695,0.07408031381847413,-0.012297332291863021,0.3149544277418307,0.42417469206636454,0.05292035180253787,0.07797520597176395,0.08274202170756847,0.3051594006372746,0.0,-0.0352992492265074,0.0840495889894961,-0.04022153199965528
frozen_r07_p95,bach_bwv851_prelude,bach_bwv851,50,16,-0.043830965645930586,0.45492889673292325,0.20696030108263475,0.9557195383473265,-0.043843807302538895,-0.05965360430127977,-0.04687739369050914,0.10402690763570854,0.7110865868989527,0.5056441340676018,1.3448193589976456,0.10398290195272841,0.19058511903776726,0.11705479463717339,-0.00045562856496676046,-0.06573150083673873,-0.09052778444364881,0.11135877145209064,0.22392793998993976,0.14545244874947644,0.696848635738275,0.0,-0.10032681491027651,0.030720415364250186,-0.013803523410562013
frozen_r07_p95,bach_bwv853_fugue,bach_bwv853,48,16,0.12833071050979206,0.5804459585753547,0.33691751082646243,1.037158997930123,0.12832463407800565,0.1610013510029575,0.1352828156763889,-0.06399309125298469,0.45824308665477903,0.20998672646689934,0.9816739012997366,-0.06509364400477313,-0.07389573147158078,-0.06628223845655379,-0.002883047453748784,0.14640924230166735,0.1874009478832132,-0.0716663614910142,-0.08303034127300798,0.1592605562612737,0.6096456618629656,0.0,-0.176310624028307,-0.01680294832699425,-0.07432452657466526
frozen_r07_p95,bach_bwv853_prelude,bach_bwv853,50,16,0.48772492374549925,0.7102677196543365,0.5044802335829712,0.8397100227761212,0.48760660937146794,0.52965414873272,0.49798649273829865,0.11433971417976274,0.5941168797632725,0.35297486681964685,1.0826198507264841,0.11150181562849071,0.14205479582647146,0.12091938348706377,-0.011829868604304059,0.48064240109629913,0.5297999409558906,0.10904751856736791,0.14095943313177767,0.07594673851661934,0.4036272148770942,0.0,-0.05040583948822652,0.02249208780798706,-0.0488644583663187
frozen_r07_p95,bach_bwv856_fugue,bach_bwv856,17,16,0.22729401983102493,0.5630925431309788,0.3170732121297132,0.8627243042957266,0.226557964979771,0.3100330445840444,0.2619769983265481,-0.2892050393880703,0.4221167789944448,0.17818257510864494,1.1057743061940766,-0.29631620643393575,-0.44647251259218784,-0.35598458680861,-0.010846741525861025,,,,,,,0.0,-0.06140765779333268,0.012163402559243308,-0.018319413075377433
frozen_r07_p95,bach_bwv856_prelude,bach_bwv856,15,16,-1.3372279599805341,0.29154565098577234,0.08499886660871778,1.484117169423661,-1.3413063357263657,-2.264683090842328,-1.727078187904223,-6.735370357069166,0.024199894345107817,0.0005856348863143813,2.6195719277837592,-6.803637094585138,-56.40745367987008,-13.34481609532059,-0.03738024973513197,,,,,,,0.0,-0.01229068502408337,-0.0029243845526194523,-0.015357656229960437
frozen_r07_p95,bach_bwv857_fugue,bach_bwv857,37,16,0.5399096069014117,0.7426689453430821,0.5515571623770059,0.850592786432965,0.5399085667385168,0.6448801340143749,0.568224826583148,0.3526055232026084,0.7339389190763702,0.5386663369349907,1.1652865906040863,0.3292082194602005,0.4030982515467882,0.36717076887036926,-0.016290519348927075,0.5226610310985849,0.6551049482740641,0.3384958688189487,0.3979908850411412,0.14398186743332148,0.778082925474213,0.0,-0.10789956081016383,-0.04687199655277707,-0.042375341072795614
frozen_r07_p95,bach_bwv857_prelude,bach_bwv857,42,16,0.624025220632382,0.8494951106299576,0.7216419429842039,1.1619318599918436,0.6240250334835178,0.782133373034468,0.6631444986990611,-0.04617076359195327,0.40188290670637095,0.16150987070276165,0.8576028144289934,-0.05115527976295353,-0.06709167681395099,-0.051156547731669555,0.010284904282416903,0.6064122549225657,0.7970648906497623,-0.03598925270439883,-0.05855543699546125,0.1531995460246492,0.5678264878010065,0.0,-0.10693292825976908,-0.007575171321122509,-0.03775854103092713
frozen_r07_p95,bach_bwv862_fugue,bach_bwv862,43,16,0.2977391727617239,0.6109606189818563,0.37327287794669295,0.8857945782826846,0.2977373182109513,0.3784011368740257,0.3162625261473959,0.5729942716152003,0.8372760524857056,0.701031188066046,1.1950985174747635,0.5729076157711894,0.6417401429106577,0.5904862401591979,-0.0007811032736136335,0.30025333678830746,0.3931793283747188,0.5642118878293735,0.6394774029708152,0.1377950485125273,0.484720465962708,0.0,-0.11322875620728312,0.04861226468556623,-0.03766452278642651
frozen_r07_p95,bach_bwv862_prelude,bach_bwv862,30,16,-0.2164038839763931,0.2906561813321353,0.0844810157465791,0.8391859432621258,-0.21641316907151364,-0.28627730665073337,-0.23674763324885006,0.22605261902945828,0.7655743185898612,0.5861040372843304,1.3656171656056992,0.22555271444135472,0.27848423970980524,0.24291472609147258,-0.0025645829448444173,,,,,,,0.0,-0.05887769818685329,-0.032127168919171334,-0.08684335325677939
frozen_r07_p95,bach_bwv872,bach_bwv872,50,16,-0.0339550807164577,0.30006320322182245,0.09003792592774068,0.6521896104170203,-0.03395673202382987,-0.03730788869227289,-0.03472742420599584,-0.1693174314773842,0.3974235792550139,0.15794550134786633,0.9694925723190063,-0.22014015626587646,-0.18622294049385732,-0.17334832207973339,-0.03550947573881574,-0.02689462012201101,-0.02994393016885773,-0.17600666986907798,-0.19637861078277408,0.274019276911317,0.4620588203822278,0.0,-0.3388275441121571,0.028526105456769812,-0.004886828882273875
frozen_r07_p95,bach_bwv872_fugue,bach_bwv872,25,16,-0.7170768969666559,0.558996429906373,0.3124770086480703,1.5736657876849185,-0.7170770669603599,-1.1592311556251924,-0.8448181451562513,0.43045227140566744,0.7360248294793219,0.5417325496100649,1.0696118169419588,0.42194389119585796,0.49869773454543576,0.4557423426130358,-0.010538017259439304,,,,,,,0.0,-0.0955558970163164,-0.03668048959973502,-0.051250633747231156
frozen_r07_p95,bach_bwv872_prelude,bach_bwv872,26,16,0.3102010549289501,0.5748969499719924,0.3305065030870995,0.7173941364640386,0.31016366454391875,0.33991545370196186,0.32098538134859866,0.006212490104615664,0.3107013446638211,0.09653532557590655,0.6112389221334132,-0.015221804322512744,0.0069022254173971235,0.006462832512662553,0.02282308470250468,,,,,,,0.0,-0.14946668034436694,0.0900086453574841,-0.0026781592932729748
frozen_r07_p95,bach_bwv911,bach_bwv911,49,16,-0.2821324602438662,0.2391817987567962,0.05720793285653659,0.8217111054018809,-0.2821517341870452,-0.3177357222072099,-0.29019502485647575,0.21783698770540494,0.48400328506622226,0.2342591799548947,0.3558541834326568,0.21745441272526067,0.22178791205995088,0.21880673570423237,0.007342269556447789,-0.28426591508455035,-0.32581469822250037,0.21686341107384538,0.22144922917561433,0.21502786593724613,0.6904273957458064,0.0,-0.09190457812576347,0.048963901626033035,0.014594859169737462
frozen_r07_p95,berg_op1,berg_op1,34,16,-0.03195403183599632,0.3898129198107798,0.1519541124514055,0.8186580483681674,-0.03196315771711156,-0.03299585023832749,-0.03228369202720405,0.10525316256754114,0.38389849838441603,0.14737805706180948,0.5891419988765593,0.05008839401020326,0.1108869463332125,0.10703722599991772,0.08473721490408126,,,,,,,0.0,-0.02951935230806524,0.04624924667208408,-0.024252801062733864
frozen_r07_p95,chopin_op12,chopin_op12,47,16,0.442677359054074,0.6916633155151519,0.4783981420294128,0.8806627413749655,0.44265367538411204,0.4713064289834625,0.4497147273106631,0.7214233406947327,0.8499134683551677,0.7223529036915106,0.8194247327831903,0.7208834850481881,0.7398105821151164,0.7261142264037208,-0.010638756317688257,0.4415921700355686,0.473892829426281,0.7182032336897699,0.7396999891708509,0.06402607085194043,0.3840888896546696,0.0,-0.036393687971933764,0.0366121646793659,-0.03246975355455284
frozen_r07_p95,chopin_op17_no2,chopin_op17_no2,49,16,0.3446949652952874,0.6827918675040168,0.4662047343296228,1.0313743814577943,0.34468492104461446,0.36648369675061976,0.34986137874176615,0.15142816513616764,0.45260477915102415,0.20485108611034736,0.6837387683741145,0.1453999301249974,0.16161548565185882,0.15392707395882377,-0.025679062725350935,0.34108502251186523,0.3672151441289968,0.14864151283188845,0.16029069139160934,0.09949131279659329,0.38802975305724535,0.0,-0.033785573912618716,0.03145336478660765,-0.13002322953289713
frozen_r07_p95,chopin_op17_no4,chopin_op17_no4,48,16,0.5754269868171609,0.782155535692101,0.6117672820137974,0.9727868426609112,0.5754253771472274,0.601634100600025,0.5818153580944398,0.35741824537641653,0.5983591656043346,0.3580336910627155,0.623167343415264,0.3569586360190742,0.3823730063914228,0.36342524861703307,-0.00712249370922033,0.5756522967341746,0.6044244146701387,0.3519584135635484,0.3792174101570666,0.08416975938066137,0.33719661266737844,0.0,-0.08493916051692163,0.05942206517874704,-0.046060277592345544
frozen_r07_p95,chopin_op22,chopin_op22,48,16,0.47479789191335975,0.7097597965611595,0.5037589688145385,0.8799393396948113,0.47479613667523046,0.5048106004391398,0.4822467556312231,0.4552492847425865,0.682609891612603,0.4659562641273696,0.7860844265706446,0.45421583001466925,0.48842491823059464,0.4637244244225077,0.010745908560679293,0.4701493712423691,0.5047168730523558,0.4492728122125002,0.48825262205137154,0.09220447684485626,0.2864328970246312,0.0,-0.02297455344894117,0.0480872862486329,-0.005636882248235553
frozen_r07_p95,chopin_op24_no1,chopin_op24_no1,45,16,0.627955453317677,0.800307158079651,0.6404915472735275,0.9122718576766692,0.6279554396003612,0.6626571999499157,0.6367400923172879,0.10815369804649777,0.41047054984285986,0.16848607228829973,0.656097043205856,0.10753361402921968,0.11516148754679464,0.1099247866158386,0.0074384159108444245,0.6268724088829251,0.6651807789900869,0.10241826015301787,0.10985719416706186,0.09069956282814859,0.2650798523562289,0.0,-0.02509595522994701,0.11984530249335079,-0.059368482204973816
frozen_r07_p95,chopin_op24_no2,chopin_op24_no2,50,16,0.3232160542511031,0.5749105427727395,0.3305221321912459,0.48943494426566275,0.32321569224977686,0.34078034413682573,0.3273307216807131,-0.338827134806885,0.3283458970501179,0.10781102810964663,0.9966558273343623,-0.3739515262787423,-0.38037658525890344,-0.3483609453585814,0.040448570908388465,0.32357069510531333,0.3420096269820342,-0.3462572473960706,-0.3937251718792089,0.08244376318897524,0.3612854378386266,0.0,-0.06325392874791969,0.029729350647120234,-0.06538086758581163
frozen_r07_p95,chopin_op24_no3,chopin_op24_no3,42,16,0.2749987559159609,0.5763466098917298,0.3321754147336898,0.8154630225817184,0.2749983284449826,0.29267895540453626,0.2797347770394264,0.44026137395031273,0.6650772026191666,0.4423276854437358,0.6196205035152612,0.42728207685747566,0.47465078105833486,0.4505663922837887,0.040055033012085794,0.2650873873027438,0.28310413604058976,0.4327638904965738,0.477467635967956,0.16998563866363584,0.6164825996819079,0.0,-0.020585630211184425,0.0800925193493478,-0.012990121653318809
frozen_r07_p95,chopin_op24_no4,chopin_op24_no4,39,16,0.3187763174090952,0.5705108782890331,0.325482662246124,0.6524031540971258,0.3187623599518279,0.3354743303580956,0.3235084477625122,-0.2122392358113101,0.4820121085709598,0.2323356728090227,1.1487766161899036,-0.2488099270300843,-0.23161471932046465,-0.21768693989046373,-0.05863608817998173,0.31672801928486816,0.33681147604564726,-0.20879051790474787,-0.2317068940657333,0.060381785941712396,0.25933726676819974,0.0,-0.06565274107526675,0.07942231137539046,-0.030234883667032753
frozen_r07_p95,chopin_op29,chopin_op29,46,16,-0.1666707928774558,0.4448760515904636,0.19791470127872085,1.0486852053436808,-0.166671952115776,-0.1798534534735974,-0.1699453159924793,-0.5569105275806265,0.38153597178016985,0.14556969776223852,1.2196769058377213,-0.5699741911153491,-0.607258053248757,-0.5695513339180338,0.030938893031501435,-0.1635502271049337,-0.17914755802617646,-0.5528036966696327,-0.6102772736196913,0.08230131889458539,0.5587662795802021,0.0,-0.010180053866374328,0.05637246041679511,-0.043996324516641705
frozen_r07_p95,chopin_op30_no2,chopin_op30_no2,49,16,0.41294946747016315,0.6443889941891136,0.41523717583205744,0.6922189885639223,0.41294825294072623,0.4304800014619692,0.41716072822703054,0.4141919875744855,0.6535671021289859,0.42714995698528035,0.7674001790916797,0.40775429993812384,0.4361661161220996,0.4195313382142949,0.025183152868346305,0.4119613707529818,0.43294720216156773,0.4113605891538942,0.43564320222629377,0.14316767129373445,0.5975262938425735,0.0,-0.061607045199271626,-0.0550749574438798,-0.04546178242495791
frozen_r07_p95,chopin_op33_no1,chopin_op33_no1,49,16,0.3341126457383813,0.6197005692600721,0.3840287955412574,0.8431197935960189,0.3341106157218725,0.3496274038854381,0.33784498128700113,0.24878074004494422,0.4992852948585025,0.24928580566194183,0.4768116298926432,0.24721992735712084,0.2599526018877379,0.25146336209619835,0.013303235656241422,0.32506888328293126,0.3434738375456238,0.2464813233355183,0.25889533195835956,0.16910730760098597,0.494813518122798,0.0,-0.053870822876102675,0.11004701941625761,-0.11755302017739844
frozen_r07_p95,chopin_op41_no2,chopin_op41_no2,49,16,0.4851862749546989,0.6983280351875389,0.48766204472888863,0.7480851429631046,0.48518491963763366,0.5144454596809755,0.49211297654072883,0.3153480451570638,0.5649588901509519,0.3191785475605953,0.6268499428446269,0.3031230024527779,0.33445104572805334,0.3199282298129663,-0.034772988547698745,0.4796424732768928,0.5084406656041257,0.31232440945140755,0.3340895136976279,0.1860230321776896,0.3499066339173559,0.0,-0.09582936711465107,0.11981863124970271,0.0033883948976507483
frozen_r07_p95,chopin_op42,chopin_op42,46,16,0.1153054178393097,0.6625361253436381,0.438954117385361,1.2314374344878962,0.11520551699765536,0.1251586832236144,0.11775645524028888,0.38085181090742715,0.6829255034822078,0.46638724330642706,0.9753899156745292,0.3778947841283473,0.413507612128414,0.38909609179050686,-0.014789390751470066,0.11090646221465768,0.12250653601036608,0.3755684314470421,0.4138188506377991,0.056276515756700285,0.45504939207271294,0.0,-0.03088654036902483,0.040223400212688,-0.08801463105732021
frozen_r07_p95,chopin_op51,chopin_op51,49,16,0.2618359483335664,0.5877549334782625,0.3454558618280367,0.876926013454235,0.2618359440191341,0.287151467474081,0.267706154676856,0.21672204269834838,0.48904457156653,0.23916459297869086,0.6388529501050566,0.21041530667334807,0.22679552254816002,0.21917343169517045,-0.02687762366210933,0.25574443366537636,0.28393744419386163,0.21595505927083591,0.2276267429782593,0.08166433528121089,0.6303033864913958,0.0,-0.03168229425744751,0.05597498964746228,-0.042373313618479846
frozen_r07_p95,chopin_op63_no2,chopin_op63_no2,50,16,0.5705346856414297,0.7607198669405061,0.5786947159579813,0.8510527530703692,0.5705328565231518,0.6017026256230671,0.5778297698713438,0.30617939439960495,0.569333144321635,0.3241402292231596,0.7033511834938106,0.29900081888512087,0.32533332678206256,0.3106596761542617,-0.024376007944254912,0.5659482114262929,0.5999931981062647,0.3042731489229296,0.32594799075345066,0.3130205143745896,0.6230366568711414,0.0,-0.06623857020786805,0.05983317238983987,0.0007858347933827892
frozen_r07_p95,chopin_op63_no3,chopin_op63_no3,49,16,0.5737717871000885,0.7575354400863643,0.5738599429868416,0.7669245767215036,0.5737517469853473,0.6075583619179946,0.581796875645888,0.34292151983536723,0.6097637544749948,0.3718118362714417,0.7797352710184277,0.34287492587295687,0.3804555061281212,0.35153456429039187,0.0014402779473490779,0.5690371327091561,0.60769602631323,0.33622590235268657,0.37829727035311916,0.09583143002946813,0.4528802257832972,0.0,-0.05987167416977357,0.032971140615887906,-0.12209046043079952
frozen_r07_p95,chopin_op67_no2,chopin_op67_no2,26,16,0.2926819266565668,0.6994785335887963,0.48927021895153283,1.142861316627297,0.29267204191460694,0.3387853407133308,0.3087881708114876,-0.08406711954148749,0.39705375196946,0.15765168195302548,0.8887028153210674,-0.09176068569105333,-0.10025535081089118,-0.08966072534671898,0.018826691201696624,,,,,,,0.0,-0.022819458768027268,0.10304835919219346,-0.01667513181929281
frozen_r07_p95,chopin_op67_no3,chopin_op67_no3,50,16,0.5599437839627412,0.7579870207856932,0.574544323679571,0.8788197138651311,0.5599430822622766,0.5887981112581453,0.5666949461531252,0.30110155880378875,0.5797717557855653,0.33613528880667715,0.7669447506402945,0.2703513865272227,0.33113909086735926,0.30793382357707433,0.03903770450563575,0.5510235660513638,0.5821188713907576,0.29048144240629703,0.3257175527487298,0.1902995051810794,0.5168436149878732,0.0,-0.03823752653687085,0.07286581523663704,-0.05381524635814716
frozen_r07_p95,chopin_op68_no2,chopin_op68_no2,42,16,0.3326790517607291,0.5838450088977826,0.3408749944148518,0.6743764545623852,0.33266499910792147,0.3641699798167108,0.34098240786676115,0.1677107158037453,0.4143492984229031,0.171685341103552,0.4773939278516406,0.1658759240933243,0.18498202663691404,0.17241881060482123,0.012451456503470695,0.32972354840771884,0.3717074000730117,0.1600470740808797,0.17950573119036134,0.10304980992778616,0.37082616051979156,0.0,-0.044765304000311534,-0.031156800018958597,-0.12342385632175068
frozen_r07_p95,chopin_op68_no3,chopin_op68_no3,50,16,0.03366688044508892,0.6549028104370478,0.42889769111834375,1.283576661231921,0.03365610322728896,0.03756917959461023,0.03454767711321116,0.48584299771407036,0.708690430165334,0.502242125807926,0.5806313496834887,0.48313767164734334,0.511227880291482,0.4918122463994521,0.015159218987324322,0.020429794840136045,0.023253489526247863,0.48434706561725926,0.5131699992224045,0.21450856252981235,0.5115149959145716,0.0,-0.10469801093386,0.027436836732772085,-0.016717234638984557
frozen_r07_p95,chopin_op6_no1,chopin_op6_no1,40,16,0.05145701333138297,0.4115710016155544,0.16939068937083065,0.7549857305359191,0.05098044545704139,0.05541019975164322,0.05260229363342961,-0.22929449414206937,0.21667935888373815,0.0469499445662678,0.7422689694244502,-0.2780887120462716,-0.276749429096074,-0.24360704420781443,0.06762347406418599,0.04664296060697975,0.05120969753842682,-0.22551226326961232,-0.3059489486126577,0.08668554957609577,0.3383683752562021,0.0,-0.026871530711777725,0.03473400390673442,-0.02214775105257827
frozen_r07_p95,chopin_op6_no2,chopin_op6_no2,44,16,-0.02566261591736052,0.45510812965180547,0.20712340967516457,0.9375871712614127,-0.025694573555832045,-0.02739184275655831,-0.02610722989761438,0.31644257340946835,0.5816840313463506,0.3383563123233422,0.7297169294260466,0.313600268901544,0.3451648067616287,0.3237887804534272,0.01510814355821437,-0.022296445458948887,-0.024351859948336354,0.3113276413871476,0.34238492593899905,0.110279642953474,0.46880879956641147,0.0,-0.02311920801160605,0.08973462633359863,-0.05430733856210401
frozen_r07_p95,chopin_op7_no1,chopin_op7_no1,32,16,0.07738613382178328,0.5582066016831254,0.3115946101626234,1.0421575045036906,0.07736737752583567,0.08428751925175394,0.07957053764901556,-0.205107601130452,0.30157049262208113,0.09094476202032468,0.845677433536068,-0.21606031349831234,-0.227226129878212,-0.21208600006463274,0.03001213545962795,,,,,,,0.0,-0.026274441967770956,0.12849972172644097,-0.03249619020609229
frozen_r07_p95,chopin_op7_no3,chopin_op7_no3,50,16,0.36975595268935957,0.6479890108435304,0.419889758173977,0.8718948068484953,0.36975592935759927,0.39365310359185307,0.37530061336325626,0.23323031165046315,0.618901422443782,0.3830389707029366,1.0059526581380678,0.23321842362946632,0.2555459819291738,0.2383102490326845,0.0009693740050146643,0.3698179165825125,0.3955158071225355,0.24030587025469022,0.2647297594110638,0.12247017620706546,0.42961666309432694,0.0,-0.04613712846800255,0.09742828457630837,-0.05899107393759251
frozen_r07_p95,grieg_op43_no6,grieg_op43_no6,39,16,-0.9538530742019733,0.1451630509503531,0.021072311361214808,1.132546150645293,-0.9538611319835686,-0.9945540540567094,-0.9654665859649212,0.14598742547687138,0.48684820174703497,0.23702117154432156,0.7885661927045683,0.08623544312981624,0.1540121595822223,0.14828685016874166,-0.08157136433167572,-0.9549475329764382,-1.0030347889196178,0.14724751836713038,0.15710421934836966,0.11079769936348398,0.7157527269997249,0.0,-0.13093213162159834,0.015284947770915602,-0.03356648047079913
frozen_r07_p95,grieg_op54_no4,grieg_op54_no4,50,16,0.7817154819720019,0.8863032390438409,0.7855334315396035,0.9480927977702283,0.7817067387843066,0.8084376933353682,0.7881143489085598,0.37079174805291204,0.6455818003908198,0.4167758609958523,0.860020866194931,0.36528563375601,0.4047558752081905,0.37870922702231957,0.018983051251102116,0.7786101368033073,0.8070488564022857,0.36403796721358367,0.4056467428056106,0.11313678639720673,0.4149666322382667,0.0,-0.04509118512627186,0.11767549327511273,-0.02795769066627174
frozen_r07_p95,haydn_hobxvi34,haydn_hobxvi34,13,16,0.4826531301912591,0.7144438378452519,0.5104299974350526,0.8811077728875806,0.482650373603952,0.5494030284261606,0.5177103200144041,0.41597376900115757,0.6569140461949086,0.43153606408816647,0.5321651179950672,0.3050116056620583,0.4254599555902186,0.42132027646538317,0.17372530027933494,,,,,,,0.0,-0.09710536640527812,0.07590192638695092,-0.005245134021134579
frozen_r07_p95,haydn_hobxvi34_mv1,haydn_hobxvi34,42,16,0.12652274898253824,0.6036050877519753,0.3643391019600698,1.0912692682876501,0.1264977369318715,0.14401770386415028,0.13095768474963054,-0.26487025165064026,0.4691805466727948,0.22013038537618257,1.165600417890455,-0.2903736548094529,-0.33595968649617725,-0.2814525196646751,0.015979285153265785,0.13723739598555523,0.15964312735958358,-0.2535445130997397,-0.33466768299145433,0.04336504378508574,0.41469733321255137,0.0,-0.014384968436647716,0.019952220577257984,-0.03295150454015516
frozen_r07_p95,kuhlau_op20_no1_mv1,kuhlau_op20_no1,44,16,0.49685060816963833,0.8268594878514641,0.6836966126499856,1.259116361111274,0.4968503073243389,0.5571670304587912,0.5117010395986623,-0.43449857788033386,0.43445124979431554,0.18874788844784277,1.2239108537818641,-0.46545163270025314,-0.6902173190244189,-0.4824961060161259,0.012787762377271635,0.4617326682851445,0.5289623138166223,-0.45326029670831247,-0.7875733155704349,0.11422518726830089,0.45560888875835825,0.0,-0.04094537387206909,0.08134226173146564,-0.0020136016341749663
frozen_r07_p95,kuhlau_op20_no1_mv2,kuhlau_op20_no1,15,16,0.42427449695673003,0.757286862780084,0.5734833925393017,1.1435625358201693,0.4242704961504925,0.4638882300252668,0.4438702169516212,-0.9146286325102104,0.3903525507914843,0.15237511390941832,1.423311284923506,-0.9532026446313295,-1.8488231761903737,-1.2377408693375105,-0.014526992086854975,,,,,,,,,,
frozen_r07_p95,liszt_s169,liszt_s169,50,16,0.6095461642069295,0.8083975104774811,0.6535065349461892,1.0180647962882627,0.609545538731227,0.6782306979541847,0.6252219192995818,0.42622605250686485,0.6906411693666704,0.47698522482416195,0.91593913277801,0.4228865565646709,0.4667024252809269,0.4357336990059073,-0.015655710155079453,0.6053574151703784,0.6811335842506582,0.4219173181714643,0.46782392004733653,0.12060733292439003,0.6630071798352359,0.0,-0.09387770323320277,0.0507629290434396,-0.06664680381589383
frozen_r07_p95,liszt_s254,liszt_s254,49,16,-1.1070740781102342,0.4458706008633451,0.19880059271424042,1.5886193356359872,-1.1072964167131674,-1.2060826592050296,-1.131275651847064,-0.06548600638363955,0.4852220160270442,0.23544040483734913,1.0337896155268584,-0.615682835510061,-0.07105726849504962,-0.06690339877124574,-0.27967199717724084,-1.1046857218729627,-1.2198357804091355,-0.07510207090193724,-0.08311920515632135,0.09659839682723935,0.9674287659336283,0.0,-0.11621581093790634,-0.019816728991007837,-0.07911222486517322
frozen_r07_p95,liszt_s434,liszt_s434,46,16,-0.2041841064040506,0.43963704989324753,0.19328073563883783,1.070085177848981,-0.20429618141200478,-0.22728993944787595,-0.2100211411143975,0.3740575825140555,0.6378092126922414,0.40680059179509687,0.8187595077487605,0.3638679145106464,0.4098655490346155,0.3834347164660833,0.037228975332506624,-0.21046952440308347,-0.23929724253859125,0.3710623620088148,0.41390109290319715,0.056601956642078385,0.6230492164754375,0.0,-0.02003257474226139,0.00907725401018833,-0.04031006387990632
frozen_r07_p95,mendelssohn_op14,mendelssohn_op14,47,16,0.27053216573043126,0.6403559019591712,0.4100556811739436,1.013884368670227,0.2705320586221539,0.2897876919812107,0.27522739229632065,0.39236248739837065,0.6456304463134098,0.4168386732068529,0.48918177802734825,0.3763528750532491,0.39928793783862265,0.3941256890645557,-0.06603728083402988,0.26823897864130897,0.2921496531812587,0.3922752682570028,0.3998429556617163,0.15703565935942695,0.626124361348295,0.0,-0.07605495909630688,0.03660481006920413,0.007385744366874225
frozen_r07_p95,mendelssohn_op19_no2,mendelssohn_op19_no2,50,16,0.06407528541991703,0.4446559734580377,0.19771893473191532,0.8102290158339747,0.06406235624863565,0.07087971916635394,0.06561116471945161,-0.2580985727302665,0.34644504662361786,0.12002417033004076,0.9613619052803851,-0.25834739116685723,-0.2946875597263307,-0.2661733278149072,-0.0020581838409270865,0.057313135876170596,0.06432810828411316,-0.2407551470866784,-0.28024760209032984,0.07501780426966152,0.36241398898336996,0.0,-0.09584325655192338,0.028308334008814495,-0.035287549973632704
frozen_r07_p95,mendelssohn_op19_no4,mendelssohn_op19_no4,50,16,0.4265779337127146,0.7452472655857728,0.5553934868630714,1.104156102409773,0.42656507259821463,0.4670338663868809,0.43577261808631373,0.4734662933065171,0.7621196804240641,0.5808264072896776,1.0897782130203642,0.4330804939391185,0.5634854117491005,0.49263458514836855,-0.027439663385460146,0.44142422486661415,0.48699127898123457,0.47572512953257196,0.5760063753847494,0.22245478722529563,0.5728761904944251,0.0,-0.058626465116828896,-0.01291224079261033,-0.012578361022803852
frozen_r07_p95,mendelssohn_op30_no3,mendelssohn_op30_no3,49,16,-0.25108224192775075,0.4853939199365989,0.2356072575114174,1.1830252691742664,-0.2510849721883799,-0.26712859640910647,-0.2548689979444305,0.5379949212467838,0.8218030429694905,0.6753602414339144,1.192431320610485,0.4551184175220159,0.5681841015142983,0.5451615252124662,-0.05182456465785271,-0.24967965831447997,-0.26844070967642997,0.5287385092274024,0.5639441872081981,0.3261029156272642,0.6770973510270684,0.0,-0.062330995451371995,0.12278450700220145,-0.13717995712080988
frozen_r07_p95,mendelssohn_op30_no6,mendelssohn_op30_no6,41,16,0.41347805470742827,0.7281945626985388,0.5302673211437161,1.0699390087928218,0.4134780048391016,0.449054764908334,0.4230471899372834,0.21562459012171542,0.6305034273408223,0.3975345718885236,1.0570124914494392,0.2133725597283742,0.243877519181155,0.223326905594884,-0.007342574423916388,0.39114617054697143,0.4371292869287249,0.20092898334227285,0.23684948211578297,0.11574983508432932,0.3298972463666675,0.0,-0.05765586487387431,0.09111093091958311,-0.004140579373130837
frozen_r07_p95,mendelssohn_op38_no2,mendelssohn_op38_no2,48,16,0.7545464314939889,0.8687439799922111,0.7547161027727073,0.855718187167276,0.7545460987600685,0.7882155744302254,0.7627550819401311,0.1422554093595665,0.634039096374469,0.40200557573135315,1.1436960068267716,0.14191153352956898,0.16634784238462913,0.14766369963263393,-0.0021666789674183035,0.7517922531702905,0.7903373435875919,0.14358067454537898,0.17116685811408283,0.1240209340775271,0.6799434882427005,0.0,-0.05464104397901859,0.06386536596094705,-0.025092290204489665
frozen_r07_p95,mendelssohn_op38_no6,mendelssohn_op38_no6,50,16,0.08530668080995107,0.5755935820883278,0.3313079717412725,1.0715787541764878,0.08530649102097976,0.09219086704116404,0.08690309341658864,-0.24471540719869234,0.6421264906047007,0.4123264299363085,1.4527076630575284,-0.3075604602735964,-0.2801512063197056,-0.25258374233722547,-0.03619429708165303,0.08286586991847247,0.09052399532369042,-0.24708323222041312,-0.2860253622706677,0.061441922982020135,0.30790604057549126,0.0,-0.07727826572007723,0.08209098557597727,-0.01635396330497363
frozen_r07_p95,mendelssohn_op53_no3,mendelssohn_op53_no3,47,16,0.1184211499945953,0.5895179781865796,0.34753144660519253,1.0681726518403496,0.11819768376864048,0.14148360064686372,0.123723770911225,-0.7991545053445734,0.6079304715800067,0.36957945827548916,1.6890104702942843,-0.993680315305727,-1.0938900678883596,-0.8603524924935542,-0.07442809733502852,0.11071305213657923,0.13605506989200347,-0.7447926906132569,-1.0666880766661038,0.06174327409172734,0.34645092702550695,0.0,-0.04383522962581954,0.08067546209658782,-0.017782195138864365
frozen_r07_p95,mozart_k494,mozart_k494,48,16,0.7320209748513977,0.858289879985482,0.7366615180854931,0.9264114128080423,0.7320114321178031,0.7804320826079346,0.7437284613134513,0.437775116346531,0.7098843198589031,0.5039357475815375,0.9671014095613697,0.42622892268479906,0.47410010360319377,0.44661674105256577,-0.018357926124223205,0.7273578528315465,0.782626771031275,0.43705543735043423,0.47656330802502755,0.048310366269235135,0.2691084696940026,0.0,-0.03466673546953136,0.054315656815274616,-0.02348070872799246
frozen_r07_p95,mozart_k545_mv1,mozart_k545,37,16,0.28972362552482056,0.8446047840582707,0.713357241254118,1.4954762120141278,0.289643134707013,0.35331951532203604,0.3068547542476908,-0.48818875129937433,0.5167587876381544,0.2670396446012552,1.3857975646214544,-0.49682014637907934,-0.8330243670954418,-0.5645827347357073,0.011648977186021422,0.22731278315154224,0.3011182159417993,-0.43422443843871383,-0.8529607956981455,0.05373680242976171,0.6526683739070854,0.0,-0.0313569009955712,0.010382634223775389,-0.04754209453925062
frozen_r07_p95,mozart_k545_mv2,mozart_k545,27,16,0.7588184909611753,0.8942245096327562,0.7996374736279434,1.096261592037866,0.7588058544587674,0.8411337236367875,0.7877812094768675,0.600091360621603,0.8123897192848692,0.6599770559997487,1.0571052590001595,0.6000370360138472,0.810146315542391,0.6648354952397425,-0.0007386854534312086,,,,,,,0.0,-0.09772700875066875,0.05526440076721495,0.008257347742948173
frozen_r07_p95,mozart_k545_mv3,mozart_k545,49,16,0.528965958343437,0.8533695283650268,0.7282395519419482,1.2997702380402154,0.5289140535131347,0.6256526542662469,0.5504043204742467,0.5437626337936832,0.8145354455125055,0.6634679919962557,1.1605200668507554,0.5398904079912992,0.6542566111864709,0.5679478356212463,-0.005326948340685304,0.5264966270486443,0.630347224644663,0.5263546992955872,0.6397633802153373,0.11407054747139053,0.5493719369247542,0.0,-0.04507353861960173,0.06272745123582679,-0.054950584679806846
frozen_r07_p95,"pianocore:Bach,_Johann_Sebastian/Notebook_for_Anna_Magdalena_Bach,_Book_2,_BWV_Anh.113-132/36._Minuet_in_D_minor,_BWV_Anh.132","pianocore:Bach,_Johann_Sebastian/Notebook_for_Anna_Magdalena_Bach,_Book_2,_BWV_Anh.113-132/36._Minuet_in_D_minor,_BWV_Anh.132",50,16,0.5972892902345257,0.9064458247733157,0.8216440332489767,1.3801068248719632,0.597288870836222,0.682934334309122,0.6161206818914933,0.10086431416070663,0.7785963603887388,0.6062122924105908,1.4894746750459555,0.05011608517207733,0.1211287493943293,0.10515848270663097,-0.01703324473628988,0.6138573797981519,0.7031318484289447,0.13215202155529768,0.16093373088222257,0.2195427918852782,0.589678256600631,0.0,-0.07247883002558764,0.0610519236557856,-0.20931268780809886
frozen_r07_p95,"pianocore:Chopin,_Frédéric/Largo_in_E_flat_major,_B.109","pianocore:Chopin,_Frédéric/Largo_in_E_flat_major,_B.109",45,16,0.5580670194321804,0.7624647997179766,0.5813525708089743,0.9150608395643399,0.5580665728455119,0.584259252469964,0.5647447418319458,0.022824773273287136,0.29981016222750934,0.08988613337488544,0.5587722445901561,0.0006373677196286343,0.024730297760551155,0.02329762107112776,-0.02627979044749209,0.5498584405287693,0.5780928288475314,0.02504154443330976,0.02714780716343807,0.1859616105601267,0.36372364241717164,0.0,-0.08631519835957824,0.07542956382706745,-0.02169674494429019
frozen_r07_p95,"pianocore:Chopin,_Frédéric/Nocturnes,_Op.15/Nocturne_No.6_in_G_minor,_Lento","pianocore:Chopin,_Frédéric/Nocturnes,_Op.15/Nocturne_No.6_in_G_minor,_Lento",50,16,0.7482100851406368,0.8711394150580846,0.7588838804677417,0.7678253534444571,0.7482090766863714,0.7819218159489619,0.756153156125357,0.25980141743002283,0.5324567151790113,0.2835101535392227,0.6864331293118247,0.2581952796304572,0.28092744532318875,0.264659253832751,0.00819300367224901,0.7430266525219431,0.7788430411855213,0.26139175717267304,0.284816403022629,0.1436192253357687,0.4600888816262967,0.0,-0.20022163429201445,0.013522011269796796,-0.010491897413241968
frozen_r07_p95,"pianocore:Chopin,_Frédéric/Waltzes,_Op.34/Waltz_No.2_in_A_flat_major,_""Valse_brillante"",_Vivace","pianocore:Chopin,_Frédéric/Waltzes,_Op.34/Waltz_No.2_in_A_flat_major,_""Valse_brillante"",_Vivace",40,16,0.3923593254738461,0.6973531849959546,0.48630146462400203,1.0038530041641816,0.39235915812199473,0.4153063669564065,0.39892686390089105,0.37710295542028494,0.6532494444904928,0.42673483672713747,0.876031583152578,0.37568357490008575,0.4024091599494091,0.3844481267854728,0.01187508238654042,0.38173501376145114,0.4090123767238119,0.3660637510615011,0.3973698378922673,0.07156487963256855,0.4276100584050266,0.0,-0.032973337101557476,0.09048345966422233,-0.03254635104891568
frozen_r07_p95,"pianocore:Chopin,_Frédéric/Waltzes,_Op.64/Waltz_No.8_in_A_flat_major,_Moderato","pianocore:Chopin,_Frédéric/Waltzes,_Op.64/Waltz_No.8_in_A_flat_major,_Moderato",50,16,0.6217233184702776,0.7887516049359522,0.6221290942890406,0.7686077269884762,0.6217231218946451,0.6671881341971225,0.6323454688158527,0.27172078211427675,0.5782754713679559,0.33440252078583144,0.8286386848629793,0.27126661219909143,0.2946286766496877,0.2771540738791427,0.005387442862897968,0.6174125047830155,0.6659763474226179,0.27069313548220253,0.29411319796754454,0.18470234816248954,0.5126649412701162,0.0,-0.019781724396355393,0.11105308365170175,0.003657098834371375
frozen_r07_p95,"pianocore:Chopin,_Frédéric/Waltzes,_Op.70/Waltz_No.11_in_G_flat_major,_Molto_vivace","pianocore:Chopin,_Frédéric/Waltzes,_Op.70/Waltz_No.11_in_G_flat_major,_Molto_vivace",44,16,0.42810575780820403,0.6672248616164032,0.4451890159590283,0.5365219230464376,0.4280479879412732,0.4612110990267944,0.4366307449014325,0.5687856536732967,0.7552687756652355,0.5704309234948639,0.7147068499026784,0.5228890395336212,0.5948648750501445,0.5759554566355083,0.08766827408495556,0.4234662806311838,0.46028139630388926,0.5647986580288207,0.5957198409569944,0.14344934543976912,0.4809506928075435,0.0,-0.07149389609967138,0.07155587202712144,-0.030999565497475956
frozen_r07_p95,"pianocore:Chopin,_Frédéric/Waltzes,_Op.70/Waltz_No.13_in_D_flat_major,_Moderato","pianocore:Chopin,_Frédéric/Waltzes,_Op.70/Waltz_No.13_in_D_flat_major,_Moderato",42,16,0.6454429116464864,0.8249020854501629,0.6804634505800274,1.012039839346969,0.6454418319702613,0.7254023028929965,0.665937801991827,0.23577592595089625,0.6744047408826083,0.454821754524938,1.1424280614276874,0.22470528558083758,0.25928220790056605,0.24190395328452952,-0.019572279921352013,0.6270480297735295,0.7243673625007939,0.2326121453023092,0.2621259030327846,0.0778121359587006,0.46964009395484413,0.0,-0.0180194592048446,0.06680026412082996,-0.05521974236640359
frozen_r07_p95,"pianocore:Mascagni,_Pietro/Cavalleria_rusticana","pianocore:Mascagni,_Pietro/Cavalleria_rusticana",25,16,0.4064985586539679,0.724230222682394,0.52450941544659,1.0677573057378966,0.4063002504618539,0.4404591903722733,0.41960659183059723,-0.19114720602789825,0.3673704234031057,0.13496102799137716,0.9384292942905784,-0.19625795784635613,-0.2675738863603807,-0.21657498621909288,-0.015381009580839204,,,,,,,,,,
frozen_r07_p95,"pianocore:Pieczonka,_Albert/Danses_de_salon/1._Tarantelle","pianocore:Pieczonka,_Albert/Danses_de_salon/1._Tarantelle",48,16,-0.21008577343482315,0.6978260995179654,0.48696126516845734,1.5327195290065923,-0.21011843044866696,-0.24599101720977556,-0.21824173525109036,0.1185040818586307,0.4036365733858498,0.1629224833746705,0.61439330878484,0.04417590861775533,0.1360756397531692,0.12267844214613466,0.05764635475565011,-0.18142105570052572,-0.21502740508418747,0.11961942056976316,0.14072245932875252,0.0807125394774067,0.623691209635937,0.0,-0.026040723863696824,0.051810150403042154,-0.02364447996370611
frozen_r07_p95,"pianocore:Satie,_Erik/Je_te_veux","pianocore:Satie,_Erik/Je_te_veux",49,16,0.42571655431560806,0.6870268661441341,0.47200591480383,0.9021764896349079,0.4257153816735916,0.44909517480723116,0.4312779305484188,0.09841956204690228,0.4235497895751271,0.17939442424913446,0.7081106129542991,0.07607392231848642,0.10284603031011849,0.09948373942510558,-0.03379014199459728,0.4333596745371716,0.4590644077106427,0.09925501141855064,0.1043614832893713,0.08568960289877561,0.3313941753885458,0.0,-0.07275662081452894,0.16920379677228525,-0.03666409453833541
frozen_r07_p95,scarlatti_k1,scarlatti_k1,37,16,-0.20219660394677663,0.50015297251489,0.2501529959154803,1.1727223740358461,-0.2022012305373484,-0.26389626902904156,-0.21788269712280672,-0.11434683182109295,0.2748872597067496,0.07556300554908597,0.710673718158798,-0.12333250791885053,-0.12925537059408362,-0.11880858533018968,0.01672371052295467,-0.1956137567004256,-0.26955018058406066,-0.11289232815829395,-0.13312821011085613,0.05349254500799311,0.5066382817570461,0.0,-0.03165698836195707,0.0032101366507287787,-0.02511802091311588
frozen_r07_p95,scarlatti_k141,scarlatti_k141,30,16,-0.009310948127826846,0.3800409191921015,0.1444311002603774,0.7721404580699276,-0.009327659024807256,-0.01174851490200932,-0.010067559551159233,0.09826095775031296,0.46643247184094405,0.21755925078765306,0.8118283216094961,0.050333289704643125,0.137315854460825,0.10965077338060969,0.028397339094477173,,,,,,,0.0,-0.021539793413080766,0.09576428903462098,-0.016083873218511124
frozen_r07_p95,scarlatti_k32,scarlatti_k32,44,16,0.48539426210142134,0.6968395424473364,0.4855853479182131,0.7106629218023249,0.48537526573425327,0.5275623915805423,0.4960336369026406,-0.3167758590023695,0.4954403217514569,0.24546111241718716,1.2452649488607275,-0.32963381359623956,-0.3719074836163205,-0.3299118771886589,-0.02441123441414328,0.4783848121406118,0.5250461040422024,-0.3432128824342519,-0.40631255476546974,0.2797401858319552,0.626736264747475,0.0,-0.05312316327010702,0.166631457197024,0.022506043318339053
frozen_r07_p95,scarlatti_k380,scarlatti_k380,26,16,-0.008537277023640488,0.6784293795811888,0.4602664230789167,1.3631217923495482,-0.008549087859547111,-0.009437225148103152,-0.008861940201932761,0.20720192430266937,0.5723979386337196,0.3276394001521314,0.91943896769147,0.20160425558682038,0.23177427038235487,0.21614856784738934,-0.011582797927400443,,,,,,,0.0,-0.02686640138771823,0.020204117111748188,-0.0527252055583316
frozen_r07_p95,scarlatti_k9,scarlatti_k9,43,16,0.5504574015741975,0.7658677447640205,0.5865534024699269,0.9558572205139404,0.5504558963347288,0.6272192557612754,0.5694936202588259,0.2066567225186754,0.6124913763774233,0.37514568613671045,1.0229654481749426,0.19937086302373963,0.2458328387159003,0.21621060106795953,0.011601021406107588,0.5404474442860685,0.6299926268026618,0.1953879869468166,0.23826750633285082,0.04500883670934525,0.263849399206797,0.0,-0.025390628689123673,0.04107763240890294,-0.019317651813908654
frozen_r07_p95,schubert_d817,schubert_d817,45,16,0.277506061246774,0.5806052391948624,0.3371024437805234,0.8247289425375524,0.2775036646231024,0.29122457375731475,0.2810296645520082,-0.3274095142854714,0.3093008353740877,0.0956670067631085,0.9597441619203595,-0.3340241206597929,-0.3692008741018492,-0.33793550026863706,0.016351290926060132,0.2674209646530322,0.2821843565499114,-0.3201883262460079,-0.36747503094808376,0.10546795432442832,0.444120810080082,0.0,-0.03473821830359114,0.06878522252365216,-0.07094440747532449
frozen_r07_p95,scriabin_op19,scriabin_op19,48,16,0.15239173423151764,0.5311845123701798,0.28215698618194573,0.8914139558508984,0.15225662612965118,0.15960645683323546,0.1542056015962816,-1.0312486060162263,0.23487891069705735,0.05516810269023623,1.2771920635961571,-1.0638015502165152,-1.1246833685693483,-1.0549248962113804,-0.06240434227757623,0.15023650993042925,0.15884318298907968,-1.016960675890714,-1.1289930294074932,0.06034319254991327,0.4848438971189299,0.0,-0.02691483313085752,0.03247606064583353,-0.019781598657719224
frozen_r07_p95,tchaikovsky_op37a_no11,tchaikovsky_op37a_no11,50,16,-0.39714239318198286,0.3616353304927796,0.13078011226062194,1.088218089332132,-0.3971438057081347,-0.4362331323418406,-0.40623399766426926,-0.4262958828941541,0.3601557608452662,0.1297121720700326,1.105815237392159,-0.6182066487516942,-0.46043317043848075,-0.4344449166869806,-0.1130028537373084,-0.4044758120071384,-0.45107792448328454,-0.412802758693828,-0.4475282048507861,0.1458124128320838,0.6647790060457982,0.0,-0.09855807391871774,0.01998545548402164,-0.014711558493899268
frozen_r07_p95,tchaikovsky_op37a_no9,tchaikovsky_op37a_no9,50,16,-0.5388375273435706,0.44731018044641097,0.20008639753100074,1.306917023645423,-0.5388375562173986,-0.5900056528435649,-0.5504542666253189,-11.214191264490998,0.3652514145171002,0.13340859580674255,3.733871289228068,-11.710422847047859,-14.945513404524334,-11.940670262154413,-0.05248806972451247,-0.5257694452196298,-0.5774050291047297,-10.57584497749241,-14.43489284669605,0.07417490966060994,0.23382557284016034,0.0,-0.09076849848832858,0.013114764403691748,-0.030990110801977222
frozen_r07_p95,tchaikovsky_op72_no5,tchaikovsky_op72_no5,33,16,0.054008221955863855,0.5326955792595504,0.28376458016266787,1.0120246501563652,0.05395927523720945,0.055883933663316614,0.05462455516768161,0.014417944107778302,0.2642234832494197,0.06981404910045637,0.499587254872578,-0.01663606753156599,0.015021409344455469,0.014623172945437246,-0.09276048499719022,,,,,,,0.0,-0.05153993590312944,0.04137774752620538,-0.01774256173823119
