piece,work,n,n_onsets,gen_notes,reliability_velocity,oracle_analytic_velocity,ss_target_velocity,ss_noise_velocity,ss_signal_velocity,reliability_log_ioi,oracle_analytic_log_ioi,ss_target_log_ioi,ss_noise_log_ioi,ss_signal_log_ioi,k,var_shared,oracle_emp_velocity,oracle_emp_r2_velocity,oracle_emp_b_velocity,oracle_emp_log_ioi,oracle_emp_r2_log_ioi,oracle_emp_b_log_ioi,cap_oracle,cap_random,expert_cond_r2_zero,expert_cond_r2_perf_mean,expert_cond_r2_expert_basis
albeniz_op71_no6,albeniz_op71_no6,48,977,1415,0.9675254358282415,0.8632128705634559,53065.25702617843,1844.3450182780389,51220.91200790039,0.984226136877279,0.9355029605855729,88.83568427423262,1.4637486604767802,87.37193561375584,11,0.48904946106567965,0.8501877199200425,0.8702744839718543,1.048432354839004,0.927756627152237,0.9312857782209367,1.0074797920950243,0.15373804472671027,0.007669852176256034,0.0,-0.017300074747856664,0.11056924313713179
bach_bwv825_mv1,bach_bwv825,50,415,622,0.9728100947000202,0.8779466603549256,16774.96539300439,497.81698453496927,16277.14840846942,0.9792223082586571,0.9029620647756517,9.748567471893601,0.23037929297975532,9.518188178913846,6,0.4193819453679753,0.8693180113173465,0.8826736510526227,1.0306908811978766,0.9043648935888843,0.9154366720077599,1.002022609875672,0.3263571362084717,0.018064735968140472,0.0,-0.059533647668087886,0.13095618784437235
bach_bwv825_mv5,bach_bwv825,15,451,682,0.8519014811262718,0.6960948925608827,10591.374370594927,1675.4818676075088,8915.892502987419,0.8777989003420081,0.7056752044272327,7.635157840228377,1.175161474419295,6.459996365809082,3,0.5819234591730468,,,,,,,,,0.0,-0.08551618299444042,0.06166747783374449
bach_bwv849_fugue,bach_bwv849,50,708,1310,0.9760669126916917,0.8774107422752524,36294.442416663864,1085.048631296464,35209.3937853674,0.982495007479274,0.919515088059993,6.616303316374729,0.13013386460534992,6.4861694517693795,1,0.1429994014649556,0.8667855484130422,0.8944052440198724,0.9866879972149057,0.9105520569477698,0.9234982960908831,1.010152423057717,0.5684763637804354,0.010635455180008607,0.0,-0.2645953301730297,0.04756361889120686
bach_bwv849_prelude,bach_bwv849,48,478,723,0.9619623384916232,0.8470015938597146,18708.07210131708,749.1683627462089,17958.903738570873,0.9668253421269195,0.8813720149045855,28.188809872296115,0.9653111023618663,27.22349876993425,4,0.3276314882471919,0.8335157989947344,0.849106450489883,1.016506627916479,0.848357043539336,0.8579139355204349,1.0003680321945967,0.3524725182244663,0.015784585705954042,0.0,-0.08972551368730275,0.07544241904803695
bach_bwv851_fugue,bach_bwv851,42,571,913,0.9367217289975273,0.7728389543503568,14051.877422407713,966.0726511391183,13085.804771268595,0.920397816735568,0.7444307119723983,24.493048608092224,2.0316637532756863,22.461384854816536,5,0.32862195277430617,0.7425111248564407,0.7839848590942406,1.0517862109805514,0.6786817827926118,0.7227958929057675,1.0477753736517563,0.27114361063357556,0.013130157100774276,0.0,-0.0352992492265074,0.0840495889894961
bach_bwv851_prelude,bach_bwv851,50,587,780,0.9432505653041806,0.7347580445359655,12297.813007612525,799.1997737911449,11498.613233821381,0.8925662486161994,0.5458291190882226,2.769180233449111,0.3082023874364909,2.46097784601262,2,0.20889748655526702,0.7260920085551732,0.7708319118789287,1.05839024246733,0.49729735135818054,0.6029051019342122,1.0673558979827111,0.20872889934752775,0.012868537859406847,0.0,-0.10032681491027651,0.030720415364250186
bach_bwv853_fugue,bach_bwv853,48,724,1385,0.9520796877912806,0.7970784699032413,22880.756733545168,1175.8287725429661,21704.927961002202,0.9671920444242503,0.865991715334674,5.468034973799293,0.1888460206046782,5.279188953194615,7,0.4655341565597392,0.7812620157765073,0.8088319320292969,1.0304021215386128,0.8631346131093398,0.8794573248913238,1.0293380876175386,0.2612346256587844,0.010342287866879348,0.0,-0.176310624028307,-0.01680294832699425
bach_bwv853_prelude,bach_bwv853,50,467,800,0.9807733611881368,0.9208365966970278,41354.07055558948,852.1469042379865,40501.9236513515,0.9464113496156532,0.8048986555824249,23.029253268696586,1.2531065453068138,21.776146723389772,8,0.40494303356541256,0.9072149012117687,0.9205211823587268,1.0409969931467666,0.7736092302912675,0.7964832352040694,1.0293965390724273,0.18816059898177426,0.016077434954524288,0.0,-0.05040583948822652,0.02249208780798706
bach_bwv856_fugue,bach_bwv856,17,453,752,0.876270785633668,0.7331283674486175,9925.983022872439,1314.094969895401,8611.888052977038,0.8113844474367935,0.6477555308141285,7.494728479786193,1.4059445112690638,6.088783968517129,2,0.25777993563477253,,,,,,,,,0.0,-0.06140765779333268,0.012163402559243308
bach_bwv856_prelude,bach_bwv856,15,594,909,0.7749975424094642,0.5904702363822412,9794.928548310629,2210.9914616482374,7583.937086662391,0.5063475808335431,0.11940567988221018,12.157987534423395,6.021631045427919,6.136356488995475,3,0.3553496781172786,,,,,,,,,0.0,-0.01229068502408337,-0.0029243845526194523
bach_bwv857_fugue,bach_bwv857,37,767,1318,0.9541104818973279,0.8372247467765483,27609.541347564616,1375.8114605256146,26233.729887039,0.9636545261737278,0.8747384089352245,8.699602530507612,0.34510331107935294,8.35449921942826,3,0.23654972292069393,0.7978279395928618,0.8372380608644375,1.047702424900511,0.8505116110484732,0.863768882503947,1.0125935104242485,0.1850469438660022,0.009841831288534945,0.0,-0.10789956081016383,-0.04687199655277707
bach_bwv857_prelude,bach_bwv857,42,382,555,0.9408086809458525,0.7978501393072275,12053.883146959191,711.0655483596809,11342.817598599511,0.9097370250988649,0.6881742383632384,8.106639529972568,0.7900837055490518,7.316555824423516,5,0.3531752177632607,0.7608066319772563,0.7827975006763329,0.9910018259104444,0.6146184633066342,0.6755363293985662,1.0315709996216864,0.2697999288795728,0.01968707954956577,0.0,-0.10693292825976908,-0.007575171321122509
bach_bwv862_fugue,bach_bwv862,43,529,882,0.9450190807408824,0.7868347733343223,12999.95468893644,761.4014775454816,12238.553211390958,0.9726725793671027,0.8928758438210587,3.7245579118861487,0.11033254528919288,3.6142253665969557,4,0.3185684436944949,0.7636549409386844,0.79918496599869,1.0356546243647362,0.8823015249768306,0.8903157598449415,1.0007820691588232,0.284277347850067,0.014178373340859423,0.0,-0.11322875620728312,0.04861226468556623
bach_bwv862_prelude,bach_bwv862,30,439,681,0.9208235029809625,0.7559239903022146,8940.047337849048,768.2192173550761,8171.828120493972,0.9350994021483784,0.8117249983877602,5.7757833847990705,0.40093031562364345,5.374853069175427,5,0.4235903371070941,,,,,,,,,0.0,-0.05887769818685329,-0.032127168919171334
bach_bwv872,bach_bwv872,50,1079,1621,0.98080528807173,0.9101313932967314,59593.48783516672,1325.368736689206,58268.11909847752,0.978897853462882,0.9092189771483564,26.770224922415032,0.6224914482466353,26.147733474168398,1,0.16114509441263442,0.8981660046075695,0.9147122369056333,0.9923665426368883,0.8962619155289234,0.9037316715356747,1.0189256003217961,0.5930398140319899,0.006828263485944448,0.0,-0.3388275441121571,0.028526105456769812
bach_bwv872_fugue,bach_bwv872,25,538,797,0.8554345381021773,0.6185797314772173,8309.813075842154,1256.4904063867737,7053.3226694553805,0.9494402298697372,0.8631526505690381,7.0218766794329674,0.3896582446432966,6.632218434789671,4,0.3552925338054843,,,,,,,,,0.0,-0.0955558970163164,-0.03668048959973502
bach_bwv872_prelude,bach_bwv872,26,517,807,0.9722134199060913,0.9125829718849283,36257.311773640016,1218.1572993234,35039.154474316616,0.9675543708927354,0.9000705901254724,12.5640609680509,0.4866778260812289,12.07738314196967,3,0.3878788661927208,,,,,,,,,0.0,-0.14946668034436694,0.0900086453574841
bach_bwv911,bach_bwv911,49,1809,3000,0.9736689408483367,0.8879469336465566,89653.92665876454,2490.878597308655,87163.04806145589,0.9962681480360175,0.9821860248475671,254.9075224276037,1.1297461157429298,253.77777631186078,4,0.2859278379633741,0.8724772597288531,0.8873841142018255,1.023275630310913,0.9792917856664459,0.9817839042962572,0.9930413369701686,0.3114416769412386,0.004157774096446819,0.0,-0.09190457812576347,0.048963901626033035
berg_op1,berg_op1,34,1464,3000,0.9904776833849855,0.9684257749139312,375878.997594581,3838.233313387288,372040.7642811937,0.9843500555047128,0.9491934447473918,190.558202603447,3.176165281081599,187.3820373223654,6,0.37707477446545246,,,,,,,,,0.0,-0.02951935230806524,0.04624924667208408
chopin_op12,chopin_op12,47,1518,3001,0.9854971624214242,0.9392559316639557,150468.24323290488,2354.6047621884763,148113.6384707164,0.9937912610049555,0.9751460145814425,318.2554475963736,2.0560125069183863,316.1994350894552,6,0.3070811917367691,0.9318397380483321,0.9383574059519015,1.020098569398054,0.9709385483360933,0.9721301956795723,1.0047966914543285,0.16669597214724335,0.004938530169951025,0.0,-0.036393687971933764,0.0366121646793659
chopin_op17_no2,chopin_op17_no2,49,318,784,0.9861317571883332,0.9405465191261732,33708.996537551604,497.78176032244323,33211.21477722916,0.9846808492670236,0.9369656906663263,34.785262198859456,0.564716760810948,34.22054543804851,10,0.5275765176783759,0.9288424727713505,0.9347929780832755,1.0050271701617814,0.9273246720780526,0.9318031900282217,1.0187888997569916,0.25640124761751326,0.023573035613424723,0.0,-0.033785573912618716,0.03145336478660765
chopin_op17_no4,chopin_op17_no4,48,643,1622,0.9897928926175251,0.9564401124259294,102528.61797774283,1125.7710355624783,101402.84694218036,0.9837435195009616,0.9347371268424192,70.97187182344891,1.1730837790120647,69.79878804443685,6,0.35828699437896333,0.9523974921634057,0.9546138922560091,1.0011515483727482,0.9281177607794222,0.9331764162543742,1.0142410815936942,0.24961626605570064,0.011625963988226165,0.0,-0.08493916051692163,0.05942206517874704
chopin_op22,chopin_op22,48,1296,3001,0.9859974550960587,0.9405465960903521,123755.49118226695,1911.5479314056427,121843.94325086131,0.9823559060256845,0.9320762879826183,144.81042447911335,2.646590323762932,142.16383415535043,1,0.09144677090612803,0.9315111032430238,0.9377972006477211,1.02314328279811,0.9201646687014206,0.9234954402947375,1.0144190818899417,0.32190603035700655,0.005860062457747639,0.0,-0.02297455344894117,0.0480872862486329
chopin_op24_no1,chopin_op24_no1,45,436,1101,0.9877025228359538,0.947632431014314,54733.227769969904,755.1144541454009,53978.11331582451,0.9853807538556434,0.9391481505703082,38.90423387533981,0.6268180820434668,38.27741579329635,5,0.3802885894174271,0.942409084391579,0.9480173106045233,1.0089335144631044,0.9322854177148248,0.9362176846320341,1.011121697927818,0.3421593984678305,0.017238085069033578,0.0,-0.02509595522994701,0.11984530249335079
chopin_op24_no2,chopin_op24_no2,50,491,1417,0.9886635835990595,0.9484586180279505,60713.69151227131,763.1934079215824,59950.49810434973,0.9729879431787347,0.8907675917440139,22.8706784261965,0.6259160741445488,22.24476235205195,9,0.46434438817088386,0.9460865121270711,0.94957669065728,1.02305025035602,0.8794389389518102,0.8907644242223123,1.0387958639297123,0.22819564409291235,0.01526600224381294,0.0,-0.06325392874791969,0.029729350647120234
chopin_op24_no3,chopin_op24_no3,42,378,760,0.9843268721810081,0.9395918320668527,43774.551046008055,741.1205736314025,43033.430472376655,0.9785593430021889,0.9275479816311613,46.72559220816545,1.0686728806093222,45.65691932755613,5,0.3627503885313713,0.9363599946301637,0.9435228997814142,1.0252520577223367,0.9063732447943711,0.911766119740306,0.9888135856252029,0.27573469024323616,0.019966524467060362,0.0,-0.020585630211184425,0.0800925193493478
chopin_op24_no4,chopin_op24_no4,39,907,2103,0.9875572273873601,0.9502256612862855,150645.476168209,2203.571607823592,148441.9045603854,0.9768786996923426,0.9163460613988594,85.27153808905703,2.133954871694263,83.13758321736277,6,0.40655128225138787,0.9403718157214535,0.9488559340113023,0.9872189704552736,0.9010975644320525,0.9079321631097249,0.9909699363597546,0.2328311186979645,0.008282965190979642,0.0,-0.06565274107526675,0.07942231137539046
chopin_op29,chopin_op29,46,1113,2228,0.9823911127607188,0.9267033223908773,79974.96148191461,1540.965448010579,78433.99603390403,0.9788167256822016,0.9170903944397653,81.55295838036918,1.810012709543145,79.74294567082603,6,0.30131433184602296,0.9129358440991769,0.9224063359932864,1.0002613686631612,0.9058238288816328,0.9115164781828285,1.0182057339507475,0.14729113388234147,0.006745886327523286,0.0,-0.010180053866374328,0.05637246041679511
chopin_op30_no2,chopin_op30_no2,49,290,791,0.9911859891087647,0.9592767749203913,42175.98870429398,425.7689520951726,41750.219752198806,0.9875759975242775,0.9496198174608715,28.568556758554713,0.36359033977410493,28.204966418780607,8,0.4679822010481174,0.9515279662189515,0.9630278787419148,1.059317936742904,0.9442603191136538,0.9493930461944616,1.0299741680013383,0.23960062137692964,0.02599969266498544,0.0,-0.061607045199271626,-0.0550749574438798
chopin_op33_no1,chopin_op33_no1,49,196,500,0.9895029643544209,0.955624879587126,30005.28078585869,331.48272825235824,29673.79805760633,0.9899746851115172,0.9570234659639286,22.223878457680136,0.23708529909879367,21.986793158581342,6,0.42208478533408955,0.9464152658781536,0.9524106930035764,1.0260032255452654,0.9520500870798323,0.9568257682194699,1.0113762227176506,0.34175967593314327,0.03812348281675834,0.0,-0.053870822876102675,0.11004701941625761
chopin_op41_no2,chopin_op41_no2,49,275,839,0.988369915754549,0.9431248071575533,40121.679726285656,564.7298808249366,39556.94984546072,0.9872084799179088,0.9428825210296325,27.19983966448457,0.38940073636862704,26.810438928115943,2,0.2627506647225832,0.9433597776979246,0.9491280708426668,1.013516493995495,0.9348524770941504,0.9436431018612096,1.0230986864493072,0.5316361970479994,0.02734273662960704,0.0,-0.09582936711465107,0.11981863124970271
chopin_op42,chopin_op42,46,1374,3000,0.9803036475557304,0.9212738171214186,108378.70198148397,2255.844501128483,106122.8574803555,0.9796989624369155,0.9210273275190743,101.63236748375806,2.1534160893078624,99.47895139445019,7,0.34330262934017525,0.9053105722071282,0.9163646475056767,1.003222037935285,0.9075672383415994,0.9142880396510253,1.0241823176063631,0.12367122500782901,0.005457298281927042,0.0,-0.03088654036902483,0.040223400212688
chopin_op51,chopin_op51,49,1226,2431,0.9778739101732191,0.9118391441172083,86367.96295503026,1893.85920023992,84474.10375479034,0.9890622557352666,0.9555834271478065,140.43247631616575,1.5706950636093546,138.8617812525564,12,0.49157465200569506,0.9007069651960515,0.9121271707032333,1.0388446617968896,0.9487244620086747,0.9535011360896946,1.0169339306560161,0.1295635356424119,0.006118401723872609,0.0,-0.03168229425744751,0.05597498964746228
chopin_op63_no2,chopin_op63_no2,50,259,560,0.9881474758817947,0.9482004255019449,36455.39991234305,460.24837566773306,35995.151536675316,0.9865966478318002,0.9411252066552388,21.438117964179753,0.3091769422993851,21.12894102188037,1,0.11826933499670704,0.943257712275028,0.9484620770501115,0.9960849921052007,0.9335021462153573,0.9394992581135526,1.0167506364151753,0.502411071519552,0.029195954290068077,0.0,-0.06623857020786805,0.05983317238983987
chopin_op63_no3,chopin_op63_no3,49,350,778,0.9873611487658636,0.9443895814202183,47968.64323781411,661.6615274497044,47306.98171036441,0.9758776383530582,0.9013446101102973,15.582280630549826,0.38178571729500516,15.200494913254822,6,0.3832831811344439,0.9363844884117316,0.9401179925504044,0.9921755553217085,0.8887875454106202,0.8954554668086923,1.0088838523229422,0.21160435932860402,0.021548947818347177,0.0,-0.05987167416977357,0.032971140615887906
chopin_op67_no2,chopin_op67_no2,26,348,786,0.9496037784739603,0.8639155579763552,23711.47528256062,1236.779275484092,22474.696007076527,0.941179838951059,0.8385300022545521,16.032437306744733,1.0002053189311715,15.03223198781356,4,0.40113384448446404,,,,,,,,,0.0,-0.022819458768027268,0.10304835919219346
chopin_op67_no3,chopin_op67_no3,50,255,671,0.989172827685346,0.9509945314978201,27974.54234988433,333.26690821555695,27641.275441668775,0.9797400075857912,0.9092902864929278,12.637500097156435,0.28039383830332654,12.357106258853108,4,0.30389109895227434,0.946582550630762,0.951428325658904,1.0094188480451103,0.8918200445598485,0.9018226165048346,1.0221196816209956,0.3681955230994668,0.02940764098429786,0.0,-0.03823752653687085,0.07286581523663704
chopin_op68_no2,chopin_op68_no2,42,371,917,0.9770093548325302,0.9135268424052106,29863.413007430845,727.2121582269433,29136.200849203902,0.9739349819222829,0.9066324921011425,31.349271415255345,0.8560280705448363,30.493243344710507,8,0.5244580330081656,0.8870513429190641,0.9043119292499433,1.0519951351025187,0.8915986861230285,0.9035063879337205,1.0282152134477578,0.2778925030082559,0.020306796843015413,0.0,-0.044765304000311534,-0.031156800018958597
chopin_op68_no3,chopin_op68_no3,50,230,763,0.9762491416397783,0.8961303070328119,12375.582278412217,315.5167741431001,12060.065504269118,0.989850025404928,0.9503452695832274,19.537179758240775,0.23712765479455622,19.30005210344622,6,0.4604997409111276,0.8785689914227921,0.8905981177779985,1.0085841314067119,0.9438335568158311,0.952258382033429,1.032515093663408,0.4193592841716757,0.03281946767469636,0.0,-0.10469801093386,0.027436836732772085
chopin_op6_no1,chopin_op6_no1,40,632,1321,0.9808593595856483,0.9286559796214593,62239.90698681338,1355.114664199965,60884.792322613415,0.9407272386147779,0.8285274332489028,59.23026470481036,3.479932740663112,55.75033196414725,6,0.3907139776939973,0.9108228099175888,0.9215153700414307,1.013871793796231,0.7370911529266895,0.7672336547567742,1.0343258430312412,0.2561869131843664,0.01193956377668725,0.0,-0.026871530711777725,0.03473400390673442
chopin_op6_no2,chopin_op6_no2,44,456,1061,0.9838259079895857,0.9368707372276454,51509.75738222441,877.2266663844927,50632.530715839916,0.9779353100583988,0.9167869006645398,36.619840175285226,0.8308407952480461,35.78899938003718,10,0.5324738585867057,0.9155951745062543,0.9316355666835594,1.0353867653921554,0.9092913203854518,0.9143499077059445,1.0060769528459605,0.23523373079914167,0.016472097084891012,0.0,-0.02311920801160605,0.08973462633359863
chopin_op7_no1,chopin_op7_no1,32,540,1131,0.9755553453000995,0.9181209093441547,48830.57752891241,1340.517528115996,47490.06000079641,0.970685859745667,0.9026585157278566,44.40847637382352,1.461200004249389,42.947276369574126,7,0.5038843738762103,,,,,,,,,0.0,-0.026274441967770956,0.12849972172644097
chopin_op7_no3,chopin_op7_no3,50,491,1205,0.9871188712750819,0.9392938841725212,64511.34573845958,953.0853641051078,63558.260374354475,0.9807262872033624,0.9126745405650886,38.81098521506533,0.827313871036287,37.98367134402904,8,0.4474679718470307,0.9350268937998185,0.9386099036380451,0.9773213908572252,0.9077402963281926,0.9127883176845242,1.0092024732374705,0.2850684964707149,0.015241602139206615,0.0,-0.04613712846800255,0.09742828457630837
grieg_op43_no6,grieg_op43_no6,39,660,1626,0.988965845179201,0.9590761510762337,108279.94239433637,1302.4898043790545,106977.4525899573,0.985662790978643,0.9478954510662077,73.49656971357177,1.1396818192229845,72.35688789434879,9,0.47430645931965,0.952058237187391,0.9545098657915174,1.0132655664910921,0.9372601129229852,0.9419998894170873,1.0190477177884987,0.1547988504744133,0.011398375906129106,0.0,-0.13093213162159834,0.015284947770915602
grieg_op54_no4,grieg_op54_no4,50,618,1323,0.9930207885118904,0.9669458616493763,112914.56754689984,916.777234080563,111997.79031281927,0.9805751641571232,0.9160873770200157,40.445973530355865,0.8455831597811347,39.60039037057473,6,0.3587171991325969,0.964762084261225,0.9688558531155651,1.0108390213611524,0.8974260823487834,0.9103970999205793,1.0332403383323256,0.27264068387128904,0.012156896924669208,0.0,-0.04509118512627186,0.11767549327511273
haydn_hobxvi34,haydn_hobxvi34,13,2071,3001,0.9348107120397507,0.8785046772928871,179437.14255009615,12150.7370521925,167286.40549790364,0.9880836982115935,0.9777036911125953,563.2890717914048,7.148075692238548,556.1409960991663,2,0.356619993557607,,,,,,,,,0.0,-0.09710536640527812,0.07590192638695092
haydn_hobxvi34_mv1,haydn_hobxvi34,42,1040,1652,0.9678697352229492,0.8785221926735148,47078.24251547795,1594.3240137675707,45483.91850171038,0.9424486067697094,0.7883989130155773,10.412377301810974,0.6134634406101307,9.798913861200843,6,0.2929590918585438,0.8596511372295959,0.8725819135172111,0.9913382072454395,0.7576008260893655,0.7835099958264721,1.0403054157026794,0.10457034639974203,0.007226610768145465,0.0,-0.014384968436647716,0.019952220577257984
kuhlau_op20_no1_mv1,kuhlau_op20_no1,44,766,1070,0.9736360629839786,0.8917444518576662,46466.167821202296,1348.526943661273,45117.640877541024,0.9034169528597727,0.6295098165523748,4.046824475251658,0.4025681641563561,3.6442563110953015,4,0.30043346177805663,0.8729027687314892,0.8922427467910344,1.0500736858228246,0.575515050786121,0.6688673316363155,1.087751619588827,0.2507088647449164,0.009886395605569857,0.0,-0.04094537387206909,0.08134226173146564
kuhlau_op20_no1_mv2,kuhlau_op20_no1,15,111,252,0.9640272966856316,0.9146050050323995,9105.093984582842,401.96630779690037,8703.127676785942,0.7441903913831496,0.4947085498975976,0.6072668387620711,0.15852699986264382,0.44873983889942726,0,0.0,,,,,,,,,,,
liszt_s169,liszt_s169,50,576,896,0.9762913964867178,0.8987298363898373,41554.11793746947,1041.8575481305775,40512.260389338895,0.9786478392179659,0.9132715611029925,42.2753398922015,0.9224418222389411,41.352898069962556,8,0.3926406194725285,0.8887499150939032,0.8958733731868748,0.9881892282678841,0.9018720507681026,0.9077128647731684,1.0047744584935179,0.1819095427508978,0.01303246730674187,0.0,-0.09387770323320277,0.0507629290434396
liszt_s254,liszt_s254,49,1195,3002,0.9781046540932117,0.9179089589431164,98483.7435939577,2106.8795908200273,96376.86400313767,0.97917674036411,0.9215947611073988,169.88216603230472,3.5990651199585155,166.2831009123462,10,0.38784209462026054,0.9056019995596856,0.9126121571940041,1.0241515823434388,0.9035465481255942,0.9099793601230243,1.027477829254839,0.09985065591265105,0.006304195899414703,0.0,-0.11621581093790634,-0.019816728991007837
liszt_s434,liszt_s434,46,1561,3001,0.9737537346251203,0.8983420335279548,105250.74574249472,2925.1924493363254,102325.5532931584,0.9764244823704531,0.9126348467078998,212.3269078640752,5.192586302595304,207.13432156147988,9,0.3527423598288873,0.8795317579522097,0.8909076389566662,1.0271098347073655,0.8965000778473387,0.9003437530477953,1.0050480639449508,0.09084668617717426,0.004805653081765979,0.0,-0.02003257474226139,0.00907725401018833
mendelssohn_op14,mendelssohn_op14,47,1269,3001,0.9836569574484841,0.9335529879853285,115440.53887155361,1969.3515255442016,113471.1873460094,0.9959067415626695,0.9826554979903975,345.6679951008357,1.5464162875432608,344.12157881329244,3,0.21121532665753256,0.918156074191487,0.9270174429038027,1.0041495683735047,0.9810733506804205,0.982791751330702,1.008334583812787,0.25080586070995015,0.0059523318043705805,0.0,-0.07605495909630688,0.03660481006920413
mendelssohn_op19_no2,mendelssohn_op19_no2,50,525,863,0.9784285116522177,0.9040002722010372,27245.558839757592,637.786114682815,26607.772725074778,0.9717599712466211,0.8758380332374955,8.93809723295556,0.27115018124208434,8.666947051713475,5,0.2995817073675085,0.8909501212602109,0.8970318819353518,0.9836238465288245,0.8590801323219809,0.8741323941553679,0.9741426582001036,0.20699478096885454,0.014285990264275027,0.0,-0.09584325655192338,0.028308334008814495
mendelssohn_op19_no4,mendelssohn_op19_no4,50,256,581,0.9813449245110801,0.9133768756703963,17276.44503808274,364.52831736100813,16911.916720721732,0.9636572777178085,0.8402458758192917,4.7727516962975685,0.185706607212262,4.587045089085306,4,0.3417684406786753,0.9064314781777103,0.9150619188330362,0.9921836651317621,0.82590254181615,0.8482163420677008,1.0218772973503463,0.38831215350965165,0.029366718856261687,0.0,-0.058626465116828896,-0.01291224079261033
mendelssohn_op30_no3,mendelssohn_op30_no3,49,176,440,0.9859457979550391,0.9399302257524657,15133.580184089522,224.84953555827414,14908.730648531247,0.9889323604793023,0.9468672562518808,5.703646113228832,0.0749791960061454,5.628666917222686,4,0.4126242732054295,0.9301110052027355,0.9417401415107151,1.0213926246189762,0.9375724073776146,0.9493430115944544,1.016872747033779,0.4816189505580085,0.043122519809344784,0.0,-0.062330995451371995,0.12278450700220145
mendelssohn_op30_no6,mendelssohn_op30_no6,41,459,823,0.9808897630838322,0.9207742284882156,32479.387133636006,734.6689803344551,31744.71815330155,0.9700649856923647,0.8841511544225076,10.98841751538719,0.37897922791235533,10.609438287474836,3,0.2925616039250144,0.8948065989702239,0.916679557687442,1.0482789581861482,0.8483403955430626,0.8746217081936575,1.0221375941670292,0.35086632689161046,0.01627873080027404,0.0,-0.05765586487387431,0.09111093091958311
mendelssohn_op38_no2,mendelssohn_op38_no2,48,590,1202,0.9899813162368005,0.9572843470384675,75118.33654617824,808.4117450057709,74309.92480117247,0.9659819785673471,0.8551683467624656,8.054516862236769,0.295002531486522,7.759514330750247,7,0.37926078847440836,0.9512295721187449,0.9577449145770711,1.0286264776344427,0.8388345508432618,0.8570547650460986,1.0169529429027622,0.18239888493977136,0.0127680373505949,0.0,-0.05464104397901859,0.06386536596094705
mendelssohn_op38_no6,mendelssohn_op38_no6,50,896,1165,0.9831104190611054,0.9253268089111353,72388.97796112778,1329.787841323239,71059.19011980454,0.9702574145672203,0.8735118810069505,18.677433801312965,0.5818280595442693,18.095605741768697,8,0.4027628909400926,0.9154022601650041,0.9246232684124365,1.0151487618315864,0.8638507797311925,0.8787813983122874,1.032651740245957,0.1995476375428758,0.008376603993987156,0.0,-0.07727826572007723,0.08209098557597727
mendelssohn_op53_no3,mendelssohn_op53_no3,47,1257,2217,0.9587669821941271,0.8369955913842538,46297.17670834774,1984.229673784646,44312.94703456309,0.9298270961407221,0.7305619904633174,35.79578403627535,2.546200482421545,33.2495835538538,6,0.3325581665512315,0.8137370567995739,0.8410174307174623,1.0483525266490998,0.6982291326824243,0.7457379361257448,1.032846466879659,0.1782165070875437,0.005943628763860034,0.0,-0.04383522962581954,0.08067546209658782
mozart_k494,mozart_k494,48,1800,2688,0.9855539343272481,0.937968839524429,166916.79616230546,2627.5397984748265,164289.25636383065,0.9813668045583015,0.9233811868409427,52.53889122429523,1.0401069104163359,51.49878431387889,9,0.4215500086607913,0.929380235579087,0.9369861948532087,1.0269518685301053,0.9170983791464732,0.9231404869530854,1.0032864159484522,0.17952005124241463,0.004226057544826372,0.0,-0.03466673546953136,0.054315656815274616
mozart_k545_mv1,mozart_k545,37,1032,1366,0.9449950268697678,0.8200045934647836,37073.69335212668,2069.7551667550288,35003.93818537165,0.8635627482925483,0.5860437828506417,16.22461092449604,2.1953605414574295,14.029250383038612,8,0.4310669136259394,0.7548954899343508,0.7925071715694492,1.0448077772149587,0.5090790111675679,0.5819151955003875,1.0265938199488278,0.08233400694456162,0.007272642800811749,0.0,-0.0313569009955712,0.010382634223775389
mozart_k545_mv2,mozart_k545,27,840,1326,0.9652920003499849,0.9021377572168809,58686.14507034849,2157.5918287925188,56528.55324155597,0.9116045964557745,0.7407197306326614,8.43726675970713,0.8216521813454725,7.615614578361658,3,0.4468668908346968,,,,,,,,,0.0,-0.09772700875066875,0.05526440076721495
mozart_k545_mv3,mozart_k545,49,519,958,0.9624689545983302,0.8454626616485752,15738.047603160332,613.0002094782967,15125.047393682034,0.9597376386780226,0.8311152298600225,3.803326886815393,0.1619589381359492,3.6413679486794437,6,0.4007305966141335,0.8352485843741742,0.8491176583755224,1.0130846211126991,0.8227333973357807,0.8448936367853281,1.01754376837508,0.2076381041775245,0.014528656540087415,0.0,-0.04507353861960173,0.06272745123582679
"pianocore:Bach,_Johann_Sebastian/Notebook_for_Anna_Magdalena_Bach,_Book_2,_BWV_Anh.113-132/36._Minuet_in_D_minor,_BWV_Anh.132","pianocore:Bach,_Johann_Sebastian/Notebook_for_Anna_Magdalena_Bach,_Book_2,_BWV_Anh.113-132/36._Minuet_in_D_minor,_BWV_Anh.132",50,163,240,0.9742386134728037,0.8745925636302391,5677.105363785704,173.5176203712444,5503.5877434144595,0.9614490471269493,0.8327033397525413,0.9318832089441118,0.03805364494927731,0.8938295639948345,6,0.4529173968910875,0.873033103492233,0.8879391815153141,0.9699488521775746,0.8211580060367305,0.8333397994359926,0.9892654988495921,0.3723094576199832,0.04585698465270595,0.0,-0.07247883002558764,0.0610519236557856
"pianocore:Chopin,_Frédéric/Largo_in_E_flat_major,_B.109","pianocore:Chopin,_Frédéric/Largo_in_E_flat_major,_B.109",45,113,451,0.9888633338314864,0.95517018698967,13734.327839891117,162.39908381378638,13571.92875607733,0.982117300785966,0.9229477741952772,3.5173510677130575,0.07138804865624163,3.445963019056816,5,0.5078840460551184,0.9511594212731381,0.9561506048617723,0.9904905391622734,0.9224149958982701,0.9356703711483844,0.9976472380211808,0.5112717153174184,0.0666286999938275,0.0,-0.08631519835957824,0.07542956382706745
"pianocore:Chopin,_Frédéric/Nocturnes,_Op.15/Nocturne_No.6_in_G_minor,_Lento","pianocore:Chopin,_Frédéric/Nocturnes,_Op.15/Nocturne_No.6_in_G_minor,_Lento",50,434,1095,0.9903026493906186,0.9568860592955682,74928.56048938652,787.0930246457085,74141.46746474081,0.983966550156466,0.9247989890455103,18.13815986970232,0.33292700715171786,17.805232862550604,6,0.4077211920987055,0.9540133418807208,0.9598186026084987,1.0049623228708457,0.9177552781322962,0.9267254681390144,1.0133891596635707,0.312155392297487,0.017314328837841873,0.0,-0.20022163429201445,0.013522011269796796
"pianocore:Chopin,_Frédéric/Waltzes,_Op.34/Waltz_No.2_in_A_flat_major,_""Valse_brillante"",_Vivace","pianocore:Chopin,_Frédéric/Waltzes,_Op.34/Waltz_No.2_in_A_flat_major,_""Valse_brillante"",_Vivace",40,1111,3001,0.984693307117481,0.9447467139723166,125732.7185384941,2069.9394682618545,123662.77907023224,0.981909673582764,0.9371132492801464,110.37951488328918,2.1088838663440166,108.27063101694516,7,0.3759705601985749,0.9333091991473402,0.9388320493029945,1.02555233863445,0.9212167511333516,0.9278709985539981,1.023019492705212,0.16736014091788096,0.006763382924901839,0.0,-0.032973337101557476,0.09048345966422233
"pianocore:Chopin,_Frédéric/Waltzes,_Op.64/Waltz_No.8_in_A_flat_major,_Moderato","pianocore:Chopin,_Frédéric/Waltzes,_Op.64/Waltz_No.8_in_A_flat_major,_Moderato",50,909,1936,0.9853740014028106,0.9318560786732873,91092.27765436514,1530.169687745976,89562.10796661917,0.9825406949637607,0.9222482522885972,58.09127052270702,1.1388135751497575,56.952456947557266,4,0.30701676615327417,0.9270787276041432,0.939462414417131,1.0491208472673932,0.9203705830027852,0.9273571327679877,1.0254526539671571,0.3602788747459374,0.008202252995955013,0.0,-0.019781724396355393,0.11105308365170175
"pianocore:Chopin,_Frédéric/Waltzes,_Op.70/Waltz_No.11_in_G_flat_major,_Molto_vivace","pianocore:Chopin,_Frédéric/Waltzes,_Op.70/Waltz_No.11_in_G_flat_major,_Molto_vivace",44,544,1376,0.9817815489719858,0.9282208487860629,47754.54429375018,932.3825188698801,46822.1617748803,0.9885285042260661,0.9561594196082775,91.0968091057648,1.1340220224493338,89.96278708331548,4,0.30020712859767285,0.9200160684999765,0.9282968706996477,1.0270958269930326,0.9480944215681983,0.9523690319434148,1.0171949287840298,0.2982620621718734,0.013785340301996598,0.0,-0.07149389609967138,0.07155587202712144
"pianocore:Chopin,_Frédéric/Waltzes,_Op.70/Waltz_No.13_in_D_flat_major,_Moderato","pianocore:Chopin,_Frédéric/Waltzes,_Op.70/Waltz_No.13_in_D_flat_major,_Moderato",42,619,1513,0.9708395087473765,0.8897723498703797,35928.60850626187,1105.7382377063802,34822.870268555496,0.9762746534307207,0.909340937274476,21.419076543959203,0.5425983525295197,20.876478191429683,8,0.4205475542086258,0.865649202648666,0.8743554864610891,1.0145804470194055,0.8874061762343874,0.8960868948469528,1.002869437253813,0.16568461032243603,0.01211240713144273,0.0,-0.0180194592048446,0.06680026412082996
"pianocore:Mascagni,_Pietro/Cavalleria_rusticana","pianocore:Mascagni,_Pietro/Cavalleria_rusticana",25,245,772,0.9705794418925605,0.9228972116812862,23293.457274758148,727.6611395065909,22565.796135251556,0.8887128032802327,0.7143716774007329,11.34099027143257,1.3315305373296258,10.009459734102945,0,0.0,,,,,,,,,,,
"pianocore:Pieczonka,_Albert/Danses_de_salon/1._Tarantelle","pianocore:Pieczonka,_Albert/Danses_de_salon/1._Tarantelle",48,1030,1609,0.9663672071395569,0.8540383946445766,42444.58664714526,1586.2063578402244,40858.38028930504,0.9670482699664753,0.8708691877075724,46.049770011438866,1.5669283683555264,44.48284164308334,9,0.39814610809857975,0.8437113196315409,0.8549669130250995,0.9944851965733239,0.8500378769696674,0.8637703473601824,1.031430576462196,0.1294110582775737,0.007292007438289746,0.0,-0.026040723863696824,0.051810150403042154
"pianocore:Satie,_Erik/Je_te_veux","pianocore:Satie,_Erik/Je_te_veux",49,860,2039,0.9888637172718884,0.9479428375028565,95716.22551756742,1234.2712297168534,94481.95428785057,0.9912131242542854,0.9569602419279695,43.942594193187276,0.4700538495053689,43.47254034368191,10,0.5305093438113376,0.9440062598151296,0.9465669951836493,0.9646136098078089,0.9510693820184452,0.9606717620686961,0.995953874264513,0.25857305065277064,0.008725199089342748,0.0,-0.07275662081452894,0.16920379677228525
scarlatti_k1,scarlatti_k1,37,918,1473,0.9296232109975401,0.7661972815709838,23791.25926267602,1712.8111341447202,22078.4481285313,0.9633261319178762,0.8846582644537861,28.57308970216419,1.073037633518318,27.50005206864587,10,0.48610989059065124,0.7257044171759418,0.7508943647369739,1.0158149361143698,0.8479970403289302,0.8574245641065332,0.9972478152793712,0.10558330654067113,0.008199717678035071,0.0,-0.03165698836195707,0.0032101366507287787
scarlatti_k141,scarlatti_k141,30,1781,3000,0.9291258766013603,0.7925212850719044,65309.685277729455,4908.245507193892,60401.439770535566,0.9014123768952097,0.7155834855060086,29.96628569348004,3.112704622600432,26.853581070879606,4,0.31621310246714385,,,,,,,,,0.0,-0.021539793413080766,0.09576428903462098
scarlatti_k32,scarlatti_k32,44,189,334,0.9814748053880231,0.9200698720149705,17798.837305372937,381.76544296521763,17417.07186240772,0.968745778585416,0.8517598407059006,8.759299955554198,0.3487668419088948,8.410533113645304,6,0.5188687666666214,0.9111291531498725,0.9207891207181899,1.0238727135638408,0.8447016426365659,0.8823136981523085,1.0606962359662793,0.4463443422165275,0.039472338959975185,0.0,-0.05312316327010702,0.166631457197024
scarlatti_k380,scarlatti_k380,26,603,1139,0.9644976342131507,0.9046384810853485,44300.64928980147,1622.9842755764425,42677.66501422503,0.9594048865798209,0.8939815621503248,14.452303704687532,0.5981978549918839,13.854105849695648,5,0.3855094167867861,,,,,,,,,0.0,-0.02686640138771823,0.020204117111748188
scarlatti_k9,scarlatti_k9,43,783,1326,0.9680375642762304,0.8776155969671091,43626.941485958654,1458.299038171403,42168.64244778725,0.9588756357105833,0.8406392066989095,14.463500887563942,0.639110803053621,13.824390084510322,5,0.3476694681238657,0.8578631261590267,0.8713929975393331,1.0381766312941794,0.8200362271549814,0.8419422432175437,1.0449842859023866,0.17058532952757918,0.009519674082290128,0.0,-0.025390628689123673,0.04107763240890294
schubert_d817,schubert_d817,45,766,1815,0.9880674875656554,0.9528936987234713,98524.01830121197,1235.3128524154517,97288.70544879652,0.9702513156725001,0.8868059022935869,30.961989279624042,0.9644013869781952,29.997587892645846,7,0.41197643459057803,0.9476817493450671,0.9508651293155694,1.0032888528815243,0.8713199517799172,0.8776684657504112,1.0032177215897418,0.23747582173735743,0.009831662279812822,0.0,-0.03473821830359114,0.06878522252365216
scriabin_op19,scriabin_op19,48,1596,3000,0.9893122212442002,0.9547967999236013,220661.26417240844,2595.5624283855054,218065.70174402292,0.9783737799094241,0.9169234958351207,190.92914761176684,4.285133398410102,186.64401421335674,6,0.2612772782394819,0.945816541215734,0.9508427434816282,1.0066728156823512,0.9007678961706477,0.9060357331879818,1.016940759324339,0.1244590122892923,0.004670723667694721,0.0,-0.02691483313085752,0.03247606064583353
tchaikovsky_op37a_no11,tchaikovsky_op37a_no11,50,1004,1846,0.9790434139828845,0.9103902563521344,66860.57298234198,1496.3540435058949,65364.218938836086,0.982084150117001,0.9258583226924834,66.80565040370749,1.2530967259166077,65.55255367779088,4,0.242107864212299,0.8966872242095876,0.9106708182435929,1.0381640089449145,0.92240612819356,0.9263800830058418,0.9992297057685706,0.21933967755600037,0.00743501546537854,0.0,-0.09855807391871774,0.01998545548402164
tchaikovsky_op37a_no9,tchaikovsky_op37a_no9,50,736,2219,0.9805612129652899,0.913275194477567,36365.31629084617,767.4504929155537,35597.865797930615,0.9386266913708485,0.7503383096291771,4.0861529260563305,0.24860449345372343,3.837548432602607,4,0.32231503524089544,0.9105730271086117,0.9191261367822061,1.0167003519870836,0.7326583639942348,0.7603432678384341,1.0014507557665282,0.3172232564626915,0.010182724054211025,0.0,-0.09076849848832858,0.013114764403691748
tchaikovsky_op72_no5,tchaikovsky_op72_no5,33,644,1685,0.990136900396089,0.9664355820269679,135610.85177161254,1530.1080543935504,134080.74371721898,0.9861157096239649,0.9598263236931286,178.44080642102867,2.5043264843656226,175.93647993666303,1,0.11268931855143903,,,,,,,,,0.0,-0.05153993590312944,0.04137774752620538
