arm,score,variant,auc,lo,hi,n,min_work_auc
E,S-RAW,deadpan,0.1915011037527594,0.15034851320462486,0.236853492609245,1812,0.0
E,S-LR,deadpan,1.0,1.0,1.0,1812,1.0
E,S-DEV,deadpan,1.0,1.0,1.0,1812,1.0
E,B-smooth,deadpan,0.0,0.0,0.0,1812,0.0
E,B-amount,deadpan,1.0,1.0,1.0,1812,1.0
E,S-RAW,deadpan_noise10_4,0.8471302428256071,0.7948530435365452,0.8928154405474765,1812,0.6481481481481481
E,S-LR,deadpan_noise10_4,1.0,1.0,1.0,1812,1.0
E,S-DEV,deadpan_noise10_4,1.0,1.0,1.0,1812,1.0
E,B-smooth,deadpan_noise10_4,0.004415011037527594,0.0005564444255038457,0.010625769265031173,1812,0.0
E,B-amount,deadpan_noise10_4,1.0,1.0,1.0,1812,1.0
E,S-RAW,deadpan_noise20_8,0.9856512141280354,0.9721885001924266,0.9948540439369523,1812,0.9351851851851852
E,S-LR,deadpan_noise20_8,1.0,1.0,1.0,1812,1.0
E,S-DEV,deadpan_noise20_8,1.0,1.0,1.0,1812,1.0
E,B-smooth,deadpan_noise20_8,0.2875275938189846,0.18608475625949647,0.3989453538818543,1812,0.0
E,B-amount,deadpan_noise20_8,0.9966887417218543,0.9911449813092976,1.0,1812,0.9782608695652174
E,S-RAW,deadpan_slow15,0.19757174392935983,0.15922487957819823,0.24194423963133638,1812,0.02
E,S-LR,deadpan_slow15,1.0,1.0,1.0,1812,1.0
E,S-DEV,deadpan_slow15,1.0,1.0,1.0,1812,1.0
E,B-smooth,deadpan_slow15,0.0,0.0,0.0,1812,0.0
E,B-amount,deadpan_slow15,1.0,1.0,1.0,1812,1.0
E,S-RAW,deadpan_vel+12,0.09713024282560706,0.07050895765472312,0.12427605589762887,1812,0.022727272727272728
E,S-LR,deadpan_vel+12,1.0,1.0,1.0,1812,1.0
E,S-DEV,deadpan_vel+12,1.0,1.0,1.0,1812,1.0
E,B-smooth,deadpan_vel+12,0.0,0.0,0.0,1812,0.0
E,B-amount,deadpan_vel+12,1.0,1.0,1.0,1812,1.0
E,S-RAW,deadpan_vel-12,0.14845474613686535,0.10547415888337211,0.19261598992559253,1812,0.0
E,S-LR,deadpan_vel-12,1.0,1.0,1.0,1812,1.0
E,S-DEV,deadpan_vel-12,1.0,1.0,1.0,1812,1.0
E,B-smooth,deadpan_vel-12,0.0,0.0,0.0,1812,0.0
E,B-amount,deadpan_vel-12,1.0,1.0,1.0,1812,1.0
E,S-RAW,half_flat_timing,0.40176600441501104,0.332628539091169,0.4711899107148299,1812,0.08163265306122448
E,S-LR,half_flat_timing,1.0,1.0,1.0,1812,1.0
E,S-DEV,half_flat_timing,0.9988962472406181,0.995512906754699,1.0,1812,0.98
E,B-smooth,half_flat_timing,0.0,0.0,0.0,1812,0.0
E,B-amount,half_flat_timing,1.0,1.0,1.0,1812,1.0
E,S-RAW,half_flat_velocity,0.009933774834437087,0.0026852126100044716,0.02036594365494886,1812,0.0
E,S-LR,half_flat_velocity,1.0,1.0,1.0,1812,1.0
E,S-DEV,half_flat_velocity,0.9961368653421634,0.990097713281019,1.0,1812,0.9746835443037974
E,B-smooth,half_flat_velocity,0.0,0.0,0.0,1812,0.0
E,B-amount,half_flat_velocity,1.0,1.0,1.0,1812,1.0
E,S-RAW,jitT10,1.0,1.0,1.0,1812,1.0
E,S-LR,jitT10,1.0,1.0,1.0,1812,1.0
E,S-DEV,jitT10,0.8482339955849889,0.7978005464480874,0.8936827956989247,1812,0.5384615384615384
E,B-smooth,jitT10,0.9381898454746137,0.9029383756795824,0.9680980964338329,1812,0.6530612244897959
E,B-amount,jitT10,0.076158940397351,0.04364323819767061,0.11478636111482932,1812,0.0
E,S-RAW,jitT20,1.0,1.0,1.0,1812,1.0
E,S-LR,jitT20,1.0,1.0,1.0,1812,1.0
E,S-DEV,jitT20,0.8863134657836644,0.8358512076769326,0.9317083574857686,1812,0.38461538461538464
E,B-smooth,jitT20,0.9685430463576159,0.9413063492063491,0.9904349188264555,1812,0.6938775510204082
E,B-amount,jitT20,0.04690949227373068,0.01739988332014538,0.08288531475159418,1812,0.0
E,S-RAW,jitT40,1.0,1.0,1.0,1812,1.0
E,S-LR,jitT40,1.0,1.0,1.0,1812,1.0
E,S-DEV,jitT40,0.9116997792494481,0.857557932485258,0.9542423194386142,1812,0.358974358974359
E,B-smooth,jitT40,0.9873068432671082,0.9695834252948236,1.0,1812,0.86
E,B-amount,jitT40,0.02262693156732892,0.001520155180899625,0.049589597880397726,1812,0.0
E,S-RAW,jitV16,1.0,1.0,1.0,1812,1.0
E,S-LR,jitV16,0.9994481236203091,0.996726498609867,1.0,1812,0.9939393939393939
E,S-DEV,jitV16,0.9950331125827815,0.9875968763307188,0.9994432226106216,1812,0.9625
E,B-smooth,jitV16,1.0,1.0,1.0,1812,1.0
E,B-amount,jitV16,0.0,0.0,0.0,1812,0.0
E,S-RAW,jitV4,1.0,1.0,1.0,1812,1.0
E,S-LR,jitV4,1.0,1.0,1.0,1812,1.0
E,S-DEV,jitV4,0.9878587196467992,0.975542333877089,0.9967018454175095,1812,0.88
E,B-smooth,jitV4,1.0,1.0,1.0,1812,1.0
E,B-amount,jitV4,0.0016556291390728477,0.0,0.005633802816901409,1812,0.0
E,S-RAW,jitV8,1.0,1.0,1.0,1812,1.0
E,S-LR,jitV8,1.0,1.0,1.0,1812,1.0
E,S-DEV,jitV8,0.9955849889624724,0.9886822516530979,0.9994504042474365,1812,0.9746835443037974
E,B-smooth,jitV8,1.0,1.0,1.0,1812,1.0
E,B-amount,jitV8,0.0,0.0,0.0,1812,0.0
E,S-RAW,scale0.5,0.8029801324503312,0.7394443179269239,0.8622302314962238,1812,0.4811320754716981
E,S-LR,scale0.5,0.9431567328918322,0.914924060193644,0.9665098218629109,1812,0.8207547169811321
E,S-DEV,scale0.5,0.29083885209713023,0.21240312723148655,0.3719351055549408,1812,0.0
E,B-smooth,scale0.5,0.0,0.0,0.0,1812,0.0
E,B-amount,scale0.5,1.0,1.0,1.0,1812,1.0
E,S-RAW,scale1.5,1.0,1.0,1.0,1812,1.0
E,S-LR,scale1.5,0.9983443708609272,0.9939719497166373,1.0,1812,0.9891304347826086
E,S-DEV,scale1.5,0.6683222958057395,0.5970104185267205,0.7344200819246044,1812,0.3448275862068966
E,B-smooth,scale1.5,0.9972406181015453,0.9901176787639238,1.0,1812,0.9694656488549618
E,B-amount,scale1.5,0.0,0.0,0.0,1812,0.0
F,S-RAW,deadpan,0.0,0.0,0.0,1812,0.0
F,S-RAW,deadpan_noise10_4,0.0,0.0,0.0,1812,0.0
F,S-RAW,deadpan_noise20_8,0.0,0.0,0.0,1812,0.0
F,S-RAW,deadpan_slow15,0.0,0.0,0.0,1812,0.0
F,S-RAW,deadpan_vel+12,0.0,0.0,0.0,1812,0.0
F,S-RAW,deadpan_vel-12,0.0,0.0,0.0,1812,0.0
F,S-RAW,half_flat_timing,0.0,0.0,0.0,1812,0.0
F,S-RAW,half_flat_velocity,0.0,0.0,0.0,1812,0.0
F,S-RAW,jitT10,0.46192052980132453,0.36698736709205393,0.5660453685046101,1812,0.022727272727272728
F,S-RAW,jitT20,0.6986754966887417,0.598774241412481,0.7927659967963022,1812,0.02564102564102564
F,S-RAW,jitT40,0.9050772626931567,0.8362694107382155,0.9601297482731498,1812,0.3
F,S-RAW,jitV16,0.9994481236203091,0.9969459382184639,1.0,1812,0.98
F,S-RAW,jitV4,0.9917218543046358,0.9811714210181142,0.9988833676273662,1812,0.88
F,S-RAW,jitV8,0.9994481236203091,0.996765192354815,1.0,1812,0.98
F,S-RAW,scale0.5,0.017108167770419427,0.002766712250034683,0.041127615295997615,1812,0.0
F,S-RAW,scale1.5,0.9144591611479028,0.8723272222835253,0.949095120790527,1812,0.6851851851851852
frozen,S-RAW,deadpan,0.0,0.0,0.0,1812,0.0
frozen,S-DEV,deadpan,1.0,1.0,1.0,1812,1.0
frozen,S-RAW,deadpan_noise10_4,0.06456953642384106,0.033669261421555,0.1035240004454839,1812,0.0
frozen,S-DEV,deadpan_noise10_4,1.0,1.0,1.0,1812,1.0
frozen,S-RAW,deadpan_noise20_8,0.5353200883002207,0.43295815250011543,0.6328773077241492,1812,0.022727272727272728
frozen,S-DEV,deadpan_noise20_8,1.0,1.0,1.0,1812,1.0
frozen,S-RAW,deadpan_slow15,0.0,0.0,0.0,1812,0.0
frozen,S-DEV,deadpan_slow15,1.0,1.0,1.0,1812,1.0
frozen,S-RAW,deadpan_vel+12,0.0,0.0,0.0,1812,0.0
frozen,S-DEV,deadpan_vel+12,1.0,1.0,1.0,1812,1.0
frozen,S-RAW,deadpan_vel-12,0.0,0.0,0.0,1812,0.0
frozen,S-DEV,deadpan_vel-12,1.0,1.0,1.0,1812,1.0
frozen,S-RAW,half_flat_timing,0.0,0.0,0.0,1812,0.0
frozen,S-DEV,half_flat_timing,0.9972406181015453,0.9910690110881898,1.0,1812,0.9545454545454546
frozen,S-RAW,half_flat_velocity,0.013245033112582781,0.0032626370959942695,0.02783933136040655,1812,0.0
frozen,S-DEV,half_flat_velocity,0.9972406181015453,0.9916257642297425,1.0,1812,0.975
frozen,S-RAW,jitT10,0.9889624724061811,0.968760944225403,1.0,1812,0.9135802469135802
frozen,S-DEV,jitT10,0.858167770419426,0.814895106334795,0.8978303834929846,1812,0.6666666666666666
frozen,S-RAW,jitT20,1.0,1.0,1.0,1812,1.0
frozen,S-DEV,jitT20,0.8874172185430463,0.8314211089583556,0.9325578348852174,1812,0.5306122448979592
frozen,S-RAW,jitT40,1.0,1.0,1.0,1812,1.0
frozen,S-DEV,jitT40,0.9133554083885209,0.860492138580654,0.9544463328937458,1812,0.6206896551724138
frozen,S-RAW,jitV16,1.0,1.0,1.0,1812,1.0
frozen,S-DEV,jitV16,0.9955849889624724,0.9886362098242851,0.9994592181118405,1812,0.9625
frozen,S-RAW,jitV4,1.0,1.0,1.0,1812,1.0
frozen,S-DEV,jitV4,0.9867549668874173,0.9740312787753223,0.9959040823672376,1812,0.88
frozen,S-RAW,jitV8,1.0,1.0,1.0,1812,1.0
frozen,S-DEV,jitV8,0.9950331125827815,0.9881508160155676,0.9994207834335479,1812,0.975
frozen,S-RAW,scale0.5,0.04415011037527594,0.017111842405960052,0.07816401620313995,1812,0.0
frozen,S-DEV,scale0.5,0.24006622516556292,0.18068250193231797,0.30502633293012,1812,0.04
frozen,S-RAW,scale1.5,1.0,1.0,1.0,1812,1.0
frozen,S-DEV,scale1.5,0.6650110375275938,0.5844946172248804,0.7391310169767821,1812,0.20408163265306123
pt_E,S-RAW,deadpan,0.19481236203090507,0.14823935760371293,0.24570768840395837,1812,0.0
pt_E,S-DEV,deadpan,0.9994481236203091,0.9966454144002784,1.0,1812,0.9873417721518988
pt_E,S-RAW,deadpan_noise10_4,0.7693156732891833,0.702436930833024,0.8311139508702249,1812,0.3877551020408163
pt_E,S-DEV,deadpan_noise10_4,0.9994481236203091,0.9966454144002784,1.0,1812,0.9873417721518988
pt_E,S-RAW,deadpan_noise20_8,0.9089403973509934,0.8582831168831169,0.9493030869360656,1812,0.6938775510204082
pt_E,S-DEV,deadpan_noise20_8,0.9994481236203091,0.9966454144002784,1.0,1812,0.9873417721518988
pt_E,S-RAW,deadpan_slow15,0.2240618101545254,0.1683152163082352,0.28186946813380004,1812,0.0
pt_E,S-DEV,deadpan_slow15,0.9994481236203091,0.9966454144002784,1.0,1812,0.9873417721518988
pt_E,S-RAW,deadpan_vel+12,0.5137969094922737,0.43646464646464644,0.5928419379066558,1812,0.12244897959183673
pt_E,S-DEV,deadpan_vel+12,0.9994481236203091,0.9966454144002784,1.0,1812,0.9873417721518988
pt_E,S-RAW,deadpan_vel-12,0.48123620309050774,0.40258522251488255,0.5595833085678623,1812,0.02564102564102564
pt_E,S-DEV,deadpan_vel-12,0.9994481236203091,0.9966454144002784,1.0,1812,0.9873417721518988
pt_E,S-RAW,half_flat_timing,0.5860927152317881,0.5122462822304379,0.66060540688703,1812,0.15384615384615385
pt_E,S-DEV,half_flat_timing,0.9862030905077263,0.9720038181278068,0.9959746981023577,1812,0.8974358974358975
pt_E,S-RAW,half_flat_velocity,0.004966887417218543,0.0005555478437904868,0.012176757626780575,1812,0.0
pt_E,S-DEV,half_flat_velocity,0.9928256070640177,0.9823059216449437,0.9989649498278579,1812,0.88
pt_E,S-RAW,jitT10,1.0,1.0,1.0,1812,1.0
pt_E,S-DEV,jitT10,0.8245033112582781,0.7706346580411547,0.8736905609824456,1812,0.5128205128205128
pt_E,S-RAW,jitT20,1.0,1.0,1.0,1812,1.0
pt_E,S-DEV,jitT20,0.8714128035320088,0.8210861787102545,0.9171849099433435,1812,0.5897435897435898
pt_E,S-RAW,jitT40,1.0,1.0,1.0,1812,1.0
pt_E,S-DEV,jitT40,0.9072847682119205,0.8590170737356673,0.9502398256933002,1812,0.5877862595419847
pt_E,S-RAW,jitV16,1.0,1.0,1.0,1812,1.0
pt_E,S-DEV,jitV16,0.9917218543046358,0.9777140090089389,0.9994305643407725,1812,0.82
pt_E,S-RAW,jitV4,1.0,1.0,1.0,1812,1.0
pt_E,S-DEV,jitV4,0.9773730684326711,0.9525079909407204,0.9935739339916746,1812,0.66
pt_E,S-RAW,jitV8,1.0,1.0,1.0,1812,1.0
pt_E,S-DEV,jitV8,0.9917218543046358,0.9790033944524137,0.9989820782093719,1812,0.84
pt_E,S-RAW,scale0.5,0.7626931567328918,0.6921700102797937,0.8268921468882781,1812,0.3673469387755102
pt_E,S-DEV,scale0.5,0.27704194260485654,0.19327225097573392,0.36201365302538974,1812,0.0
pt_E,S-RAW,scale1.5,1.0,1.0,1.0,1812,1.0
pt_E,S-DEV,scale1.5,0.6567328918322296,0.5826207171331064,0.7251775532790969,1812,0.34
pt_frozen,S-RAW,deadpan,0.0,0.0,0.0,1812,0.0
pt_frozen,S-DEV,deadpan,0.9972406181015453,0.9913192891969,1.0,1812,0.98
pt_frozen,S-RAW,deadpan_noise10_4,0.024282560706401765,0.010815782990441399,0.04320759680355973,1812,0.0
pt_frozen,S-DEV,deadpan_noise10_4,0.9983443708609272,0.9935513324285844,1.0,1812,0.9875
pt_frozen,S-RAW,deadpan_noise20_8,0.5005518763796909,0.39132992595956223,0.6167296596388919,1812,0.0
pt_frozen,S-DEV,deadpan_noise20_8,0.9983443708609272,0.9935513324285844,1.0,1812,0.9875
pt_frozen,S-RAW,deadpan_slow15,0.0,0.0,0.0,1812,0.0
pt_frozen,S-DEV,deadpan_slow15,0.9983443708609272,0.9934208556571069,1.0,1812,0.9875
pt_frozen,S-RAW,deadpan_vel+12,0.0,0.0,0.0,1812,0.0
pt_frozen,S-DEV,deadpan_vel+12,0.9972406181015453,0.9913192891969,1.0,1812,0.98
pt_frozen,S-RAW,deadpan_vel-12,0.0,0.0,0.0,1812,0.0
pt_frozen,S-DEV,deadpan_vel-12,0.9972406181015453,0.9913192891969,1.0,1812,0.98
pt_frozen,S-RAW,half_flat_timing,0.0,0.0,0.0,1812,0.0
pt_frozen,S-DEV,half_flat_timing,0.9873068432671082,0.9737880850512122,0.9964937085295837,1812,0.9090909090909091
pt_frozen,S-RAW,half_flat_velocity,0.0033112582781456954,0.0,0.011456745717246844,1812,0.0
pt_frozen,S-DEV,half_flat_velocity,0.9950331125827815,0.9872991315141405,0.999443834202786,1812,0.9746835443037974
pt_frozen,S-RAW,jitT10,0.9525386313465783,0.9134103454913007,0.98497100733186,1812,0.56
pt_frozen,S-DEV,jitT10,0.782560706401766,0.7254783555927208,0.8391055625068208,1812,0.54
pt_frozen,S-RAW,jitT20,0.9994481236203091,0.9968520048582594,1.0,1812,0.9795918367346939
pt_frozen,S-DEV,jitT20,0.8443708609271523,0.7914176143160409,0.893336592897581,1812,0.6
pt_frozen,S-RAW,jitT40,1.0,1.0,1.0,1812,1.0
pt_frozen,S-DEV,jitT40,0.8846578366445916,0.8300038464250084,0.9341742471481496,1812,0.5648854961832062
pt_frozen,S-RAW,jitV16,1.0,1.0,1.0,1812,1.0
pt_frozen,S-DEV,jitV16,0.9944812362030905,0.9870940034592198,0.9989334042553192,1812,0.9625
pt_frozen,S-RAW,jitV4,1.0,1.0,1.0,1812,1.0
pt_frozen,S-DEV,jitV4,0.9812362030905077,0.9674701430689083,0.9918994061996779,1812,0.9
pt_frozen,S-RAW,jitV8,1.0,1.0,1.0,1812,1.0
pt_frozen,S-DEV,jitV8,0.9933774834437086,0.9849777331671974,0.9988174071156756,1812,0.9625
pt_frozen,S-RAW,scale0.5,0.0,0.0,0.0,1812,0.0
pt_frozen,S-DEV,scale0.5,0.32891832229580575,0.24199154380509846,0.42233441233677427,1812,0.02
pt_frozen,S-RAW,scale1.5,1.0,1.0,1.0,1812,1.0
pt_frozen,S-DEV,scale1.5,0.609271523178808,0.5370540806936365,0.6834752791192008,1812,0.08
