arm,passage,work,n_perf,n_onsets,r2c_velocity,reliability_velocity,r2c_log_ioi,reliability_log_ioi,k,var_shared,model_dims,captured,random_mean,random_p95
frozen,albeniz_op47_mv1,albeniz_op47,47,681,0.4632498681763001,0.9856087521504244,0.014285120613430013,0.9801071419803937,7,0.40219060825736586,15,0.14585050160036475,0.010962377317701466,0.013516297561914702
frozen,albeniz_op47_mv3,albeniz_op47,33,1294,0.42884009350879904,0.9450330715094505,0.45990886763995154,0.9783507947850747,10,0.5487742975833468,15,0.07261747519635645,0.0058206000487941315,0.007093859464811351
frozen,albeniz_op47_mv4,albeniz_op47,25,937,0.3648161953207033,0.964035064142158,0.5182088402857268,0.9636766878357119,6,0.4641250188236794,15,0.052667620467870595,0.00794726548022046,0.009932103180736075
frozen,albeniz_op47_mv5,albeniz_op47,49,1736,0.48602122900180045,0.9692672590224475,0.6911912131455007,0.9654329393711732,9,0.49307255181493614,15,0.14141143527133362,0.004285682497730249,0.005423462997016612
frozen,bach_bwv808_mv1,bach_bwv808,50,1306,0.491129952078063,0.9558838264863393,-1.8281613544674506,0.9146150553208189,6,0.3038299283531348,15,0.041326700487629715,0.005726895673728431,0.007355363396860543
frozen,bach_bwv830_mv1,bach_bwv830,49,1770,0.4074522511763008,0.9762401018449592,0.5140954864190186,0.9778260028867247,4,0.32106116359132947,15,0.11903452058271338,0.004253845322767835,0.005638869233831431
frozen,bach_bwv830_mv4,bach_bwv830,24,480,0.5089501578411516,0.9168574161103511,0.0012432759970194551,0.92759805914863,3,0.3846605722419085,15,0.09840390221877658,0.015438190033519374,0.021128664757913033
frozen,bach_bwv830_mv5,bach_bwv830,20,1124,0.5620558302753289,0.9317189012501402,0.16564435022869117,0.9119202702795449,6,0.4954946693183139,15,0.07272757983060425,0.006653835593497559,0.008274548644302767
frozen,bach_bwv875_fugue,bach_bwv875,44,488,-0.20144464681762297,0.9554957295218285,0.1381795436324168,0.9820560860199576,7,0.42425474641406474,15,0.13452763508632065,0.015416471055285126,0.019097811629448257
frozen,bach_bwv875_prelude,bach_bwv875,48,721,0.4256073954392061,0.9623159851861934,0.29283935993630417,0.941301066503909,9,0.3869158928083515,15,0.07470353571329284,0.010383162641298939,0.012534189176456528
frozen,beethoven_op10_no2_mv1,beethoven_op10_no2,32,1746,0.32060534274868013,0.9739973399731687,-1.335917460121253,0.9151890780253316,8,0.41690413976401297,15,0.02972930692035238,0.00432413738444149,0.005215799294853985
frozen,beethoven_op10_no2_mv2,beethoven_op10_no2,49,717,0.3948523904706359,0.9893172205723353,0.09090035107570194,0.9819051407625389,11,0.5075325874470954,15,0.07878028373652418,0.010614798232374266,0.012929202144884716
frozen,beethoven_op10_no2_mv3,beethoven_op10_no2,25,878,0.18907582407757484,0.9674827710002286,-0.0292914969712208,0.8667302761774153,4,0.3577556262928809,15,0.07481469698806259,0.008665175253784995,0.01121901060122174
frozen,beethoven_op49_no2_mv1,beethoven_op49_no2,29,1118,0.4011104074741666,0.9350959442550026,0.2227468944054125,0.9277418042622164,4,0.3235041005669046,15,0.05931885381224107,0.006727843566357184,0.008637529471672086
frozen,beethoven_op49_no2_mv2,beethoven_op49_no2,50,805,0.8332594069943562,0.9898125505931081,-0.19813669218084806,0.9730872330611411,4,0.31563047518924836,15,0.15058880067518465,0.009563110521240509,0.01229410697888681
frozen,beethoven_op53_mv1,beethoven_op53,32,1689,0.7618244903030665,0.9869970568528404,0.47620227730838227,0.9410718569307285,2,0.19284367287202425,15,0.1509035777657077,0.004484667340123788,0.0064115323498135125
frozen,beethoven_op53_mv2,beethoven_op53,49,249,0.8888881642993957,0.9945863840724165,0.20177613113260606,0.9356483335203384,5,0.41700349332496184,15,0.2736315401450231,0.029942238177884252,0.039465630909891115
frozen,beethoven_op53_mv3,beethoven_op53,50,1980,0.8236665845467213,0.9948735155272239,-0.9307525323632235,0.8721660893011834,1,0.10770423663921372,15,0.33163179485186134,0.003811871861535918,0.006510616548909489
frozen,beethoven_woo59,beethoven_woo59,44,713,0.3906567645386164,0.960956336256237,-0.3674441030733122,0.9566272360944669,4,0.28612290572827304,15,0.15929494788969661,0.010513649582932638,0.014140118720074826
frozen,chopin_op28_no13,chopin_op28_no13,49,465,0.6977557938272765,0.9675690921030919,0.7623439072797646,0.9889288183687346,6,0.36725110951572904,15,0.15224911139395245,0.016370771836692485,0.02091708000430131
frozen,chopin_op28_no16,chopin_op28_no16,50,704,0.6733571812474989,0.9514043890797732,0.6117921792652764,0.95544429208621,11,0.4195629015389704,15,0.07443629739517238,0.01070169255860502,0.012609705992954152
frozen,chopin_op66,chopin_op66,44,2435,0.6487930415727587,0.9827573751429998,0.7412208461686376,0.9688554362135625,1,0.14097339100472528,15,0.24687256778318803,0.0031052017637648146,0.00532765650679843
frozen,debussy_l123_no10,debussy_l123_no10,50,200,0.4769642512662414,0.9816165667211517,0.4898474922689625,0.9926384768882136,6,0.36410917960268535,15,0.20503511853276135,0.0380053099038625,0.04800720638280443
frozen,debussy_l136_no1,debussy_l136_no1,49,1375,0.603524039650948,0.9870317155679992,0.6162549365497729,0.9805555871845922,6,0.33768402275704185,15,0.07285873126811677,0.005511206131238528,0.007021220415333625
frozen,faure_op63,faure_op63,50,2025,0.7052016573594762,0.9900355161582826,0.7369092826194283,0.9941931660476075,12,0.440019454801309,15,0.08788143205165286,0.0037112662051317935,0.004510922316789971
frozen,grieg_op12_no4,grieg_op12_no4,50,334,0.3777078967241775,0.9774015775388049,0.34824064094627283,0.9576157170053365,4,0.29863306463161765,15,0.13468886262346375,0.022483793240557746,0.030311196732569094
frozen,liszt_s145_mv1,liszt_s145,48,1913,0.6735847469392324,0.9875187474272262,0.5697601667187447,0.9709366541030927,4,0.21451726245577754,15,0.12556110671950024,0.003909928404188737,0.005097051897891996
frozen,liszt_s145_mv2,liszt_s145,39,1686,0.3212589430761287,0.9607983971406416,-1.4722031062569338,0.9552878765762425,6,0.28640320353441473,15,0.05922863011418477,0.0044383819651024,0.0056257548469078635
frozen,macdowell_op51_no1,macdowell_op51_no1,50,130,0.6327887660342861,0.9863927287744565,0.3988578789145193,0.9906210093944872,5,0.4232788479258751,15,0.2554036430373904,0.05809168451979141,0.07288744330767388
frozen,mozart_k576_mv1,mozart_k576,30,1348,0.3260825044739024,0.9700786220430848,-0.2814672672245766,0.9384191408869154,6,0.3854618469542689,15,0.03868271998848066,0.0054940122840144955,0.0068364594049644895
frozen,mozart_k576_mv2,mozart_k576,50,921,0.7162536396407798,0.9902747156043861,0.04858833826094233,0.9838012883163036,10,0.48574517540120055,15,0.09998292354586619,0.008250028141209832,0.009887513868903297
frozen,mozart_k576_mv3,mozart_k576,50,1737,0.061236887138096274,0.9776976998314363,-8.234396915110068,0.9302665865781862,14,0.517087469725253,15,0.033462253156492205,0.004266626029802017,0.005011887664755707
frozen,"pianocore:Beethoven,_Ludwig_van/2_Sonatinas_for_Piano,_Anh.5/1._Sonatina_in_G_major","pianocore:Beethoven,_Ludwig_van/2_Sonatinas_for_Piano,_Anh.5",31,342,0.08567336663173897,0.9678535284365185,-0.07858663031427504,0.9925717952875613,3,0.33307527143963467,15,0.11796189655389869,0.022058439578979044,0.029982656994588977
frozen,"pianocore:Beethoven,_Ludwig_van/2_Sonatinas_for_Piano,_Anh.5/2._Sonatina_in_F_major","pianocore:Beethoven,_Ludwig_van/2_Sonatinas_for_Piano,_Anh.5",49,412,-0.40308167138714723,0.9739682461528162,-0.38787861242905475,0.9650011667637908,4,0.2640318865302739,15,0.1027182237419187,0.018343505954697838,0.025776608267939278
frozen,"pianocore:Chopin,_Frédéric/Nocturnes,_Op.48/Nocturne_No.13_in_C_minor,_Lento","pianocore:Chopin,_Frédéric/Nocturnes,_Op.48/Nocturne_No.13_in_C_minor,_Lento",39,804,0.15128914278501304,0.9901645249988498,0.34487447742257904,0.9784992808809375,3,0.2350782471704462,15,0.3055548794041059,0.009332155215703576,0.013021311491799074
frozen,"pianocore:Ravel,_Maurice/Pavane_pour_une_infante_défunte,_M.19","pianocore:Ravel,_Maurice/Pavane_pour_une_infante_défunte,_M.19",49,605,0.813023786715213,0.9892241987639747,0.3540612107634542,0.96954139363297,12,0.5474705206563086,15,0.11030642247926412,0.012380370020623381,0.014795910004008699
frozen,"pianocore:Satie,_Erik/Gnossiennes,_IES_24/2._Avec_étonnement","pianocore:Satie,_Erik/Gnossiennes,_IES_24/2._Avec_étonnement",50,204,0.9115638669131292,0.9923856357447306,0.7108527801069202,0.9825023453380648,8,0.5278951330887905,15,0.2449284029335336,0.036030577594529364,0.043044696642764065
frozen,schubert_d760_no2,schubert_d760_no2,49,1300,0.9187122458504859,0.9944795039857878,0.589575165113136,0.9704539050254428,3,0.22773568699705377,15,0.16371944510364211,0.005770567104301452,0.00816382551219962
frozen,schubert_d959_mv2,schubert_d959,49,1189,0.45773524782742325,0.9955163514059756,-0.8282046354207562,0.9895930053204666,10,0.4576387871293437,15,0.09237859231129651,0.006339318337746413,0.0077013487797316085
E,albeniz_op47_mv1,albeniz_op47,47,681,0.5891041927293014,0.9856087521504244,-0.26821529576190306,0.9801071419803937,7,0.40219060825736586,15,0.08649888747523009,0.010962377317701466,0.013516297561914702
E,albeniz_op47_mv3,albeniz_op47,33,1294,0.2563810373674741,0.9450330715094505,-0.433205824371504,0.9783507947850747,10,0.5487742975833468,15,0.045863327160826875,0.0058206000487941315,0.007093859464811351
E,albeniz_op47_mv4,albeniz_op47,25,937,0.1708509421225758,0.964035064142158,-0.4103698966960334,0.9636766878357119,6,0.4641250188236794,15,0.03310721345466432,0.00794726548022046,0.009932103180736075
E,albeniz_op47_mv5,albeniz_op47,49,1736,0.5490185171186839,0.9692672590224475,0.5463159797397743,0.9654329393711732,9,0.49307255181493614,15,0.11486740214373965,0.004285682497730249,0.005423462997016612
E,bach_bwv808_mv1,bach_bwv808,50,1306,0.41449635743291036,0.9558838264863393,-1.6327130202538727,0.9146150553208189,6,0.3038299283531348,15,0.03682877684964674,0.005726895673728431,0.007355363396860543
E,bach_bwv830_mv1,bach_bwv830,49,1770,0.49616236152535864,0.9762401018449592,0.40547673163485487,0.9778260028867247,4,0.32106116359132947,15,0.10389696286754574,0.004253845322767835,0.005638869233831431
E,bach_bwv830_mv4,bach_bwv830,24,480,0.4969216028056289,0.9168574161103511,0.13412710866871558,0.92759805914863,3,0.3846605722419085,15,0.11535979145047426,0.015438190033519374,0.021128664757913033
E,bach_bwv830_mv5,bach_bwv830,20,1124,0.41897729339364,0.9317189012501402,-0.11195307405925425,0.9119202702795449,6,0.4954946693183139,15,0.053606719933469854,0.006653835593497559,0.008274548644302767
E,bach_bwv875_fugue,bach_bwv875,44,488,0.5585239462805369,0.9554957295218285,0.4498456462390773,0.9820560860199576,7,0.42425474641406474,15,0.16477485848527215,0.015416471055285126,0.019097811629448257
E,bach_bwv875_prelude,bach_bwv875,48,721,0.5577313766531895,0.9623159851861934,0.14781183259880815,0.941301066503909,9,0.3869158928083515,15,0.09056405626906533,0.010383162641298939,0.012534189176456528
E,beethoven_op10_no2_mv1,beethoven_op10_no2,32,1746,0.3002160474597684,0.9739973399731687,-1.4626127041108354,0.9151890780253316,8,0.41690413976401297,15,0.026217635130742278,0.00432413738444149,0.005215799294853985
E,beethoven_op10_no2_mv2,beethoven_op10_no2,49,717,0.23970058988215892,0.9893172205723353,-0.356839871574685,0.9819051407625389,11,0.5075325874470954,15,0.08437849790772683,0.010614798232374266,0.012929202144884716
E,beethoven_op10_no2_mv3,beethoven_op10_no2,25,878,0.4660351016296448,0.9674827710002286,-0.6263534462421487,0.8667302761774153,4,0.3577556262928809,15,0.05352786683057907,0.008665175253784995,0.01121901060122174
E,beethoven_op49_no2_mv1,beethoven_op49_no2,29,1118,0.5229901392648392,0.9350959442550026,0.13594136426831105,0.9277418042622164,4,0.3235041005669046,15,0.03954208476254524,0.006727843566357184,0.008637529471672086
E,beethoven_op49_no2_mv2,beethoven_op49_no2,50,805,0.8358723279236797,0.9898125505931081,0.439057375345815,0.9730872330611411,4,0.31563047518924836,15,0.11751721473039882,0.009563110521240509,0.01229410697888681
E,beethoven_op53_mv1,beethoven_op53,32,1689,0.7628458014766484,0.9869970568528404,-0.09401337156529332,0.9410718569307285,2,0.19284367287202425,15,0.05577175849209908,0.004484667340123788,0.0064115323498135125
E,beethoven_op53_mv2,beethoven_op53,49,249,0.8778964185509244,0.9945863840724165,-1.0671541479200433,0.9356483335203384,5,0.41700349332496184,15,0.2445183658170946,0.029942238177884252,0.039465630909891115
E,beethoven_op53_mv3,beethoven_op53,50,1980,0.8249694133925479,0.9948735155272239,-3.046337590265405,0.8721660893011834,1,0.10770423663921372,15,0.15078140419639965,0.003811871861535918,0.006510616548909489
E,beethoven_woo59,beethoven_woo59,44,713,0.10085595529082103,0.960956336256237,-0.16584935384345956,0.9566272360944669,4,0.28612290572827304,15,0.12711603857269282,0.010513649582932638,0.014140118720074826
E,chopin_op28_no13,chopin_op28_no13,49,465,0.20388063936262069,0.9675690921030919,0.6135818710511002,0.9889288183687346,6,0.36725110951572904,15,0.10875866120805071,0.016370771836692485,0.02091708000430131
E,chopin_op28_no16,chopin_op28_no16,50,704,0.6914920650850622,0.9514043890797732,0.31302840939509424,0.95544429208621,11,0.4195629015389704,15,0.0618614358608055,0.01070169255860502,0.012609705992954152
E,chopin_op66,chopin_op66,44,2435,0.6866879003505788,0.9827573751429998,0.570934780509144,0.9688554362135625,1,0.14097339100472528,15,0.14765854715121116,0.0031052017637648146,0.00532765650679843
E,debussy_l123_no10,debussy_l123_no10,50,200,0.35414133494399125,0.9816165667211517,0.616403813227753,0.9926384768882136,6,0.36410917960268535,15,0.15163433257443995,0.0380053099038625,0.04800720638280443
E,debussy_l136_no1,debussy_l136_no1,49,1375,0.5694113899291242,0.9870317155679992,0.546554897057735,0.9805555871845922,6,0.33768402275704185,15,0.07353702361663977,0.005511206131238528,0.007021220415333625
E,faure_op63,faure_op63,50,2025,0.527730416187616,0.9900355161582826,0.38138377417751357,0.9941931660476075,12,0.440019454801309,15,0.05958915783275531,0.0037112662051317935,0.004510922316789971
E,grieg_op12_no4,grieg_op12_no4,50,334,0.3036054889440626,0.9774015775388049,0.2979724017223705,0.9576157170053365,4,0.29863306463161765,15,0.13341258641864207,0.022483793240557746,0.030311196732569094
E,liszt_s145_mv1,liszt_s145,48,1913,0.7128545503851486,0.9875187474272262,0.42615715129914,0.9709366541030927,4,0.21451726245577754,15,0.06028639487455754,0.003909928404188737,0.005097051897891996
E,liszt_s145_mv2,liszt_s145,39,1686,0.28779912854787304,0.9607983971406416,-0.7827807557269642,0.9552878765762425,6,0.28640320353441473,15,0.038314965616545904,0.0044383819651024,0.0056257548469078635
E,macdowell_op51_no1,macdowell_op51_no1,50,130,0.6233162699277671,0.9863927287744565,0.3751009001351002,0.9906210093944872,5,0.4232788479258751,15,0.22326197834732026,0.05809168451979141,0.07288744330767388
E,mozart_k576_mv1,mozart_k576,30,1348,0.4670347915024011,0.9700786220430848,-0.1716005714516886,0.9384191408869154,6,0.3854618469542689,15,0.033022581459998784,0.0054940122840144955,0.0068364594049644895
E,mozart_k576_mv2,mozart_k576,50,921,0.6410319378969966,0.9902747156043861,0.3488963318953777,0.9838012883163036,10,0.48574517540120055,15,0.06474806448948611,0.008250028141209832,0.009887513868903297
E,mozart_k576_mv3,mozart_k576,50,1737,0.6347310295548215,0.9776976998314363,-1.11674502079242,0.9302665865781862,14,0.517087469725253,15,0.03097278199912954,0.004266626029802017,0.005011887664755707
E,"pianocore:Beethoven,_Ludwig_van/2_Sonatinas_for_Piano,_Anh.5/1._Sonatina_in_G_major","pianocore:Beethoven,_Ludwig_van/2_Sonatinas_for_Piano,_Anh.5",31,342,0.6406770082757143,0.9678535284365185,-0.10562541213897081,0.9925717952875613,3,0.33307527143963467,15,0.1379335334635687,0.022058439578979044,0.029982656994588977
E,"pianocore:Beethoven,_Ludwig_van/2_Sonatinas_for_Piano,_Anh.5/2._Sonatina_in_F_major","pianocore:Beethoven,_Ludwig_van/2_Sonatinas_for_Piano,_Anh.5",49,412,0.2865398515830341,0.9739682461528162,-0.9176228244285012,0.9650011667637908,4,0.2640318865302739,15,0.13797409247036224,0.018343505954697838,0.025776608267939278
E,"pianocore:Chopin,_Frédéric/Nocturnes,_Op.48/Nocturne_No.13_in_C_minor,_Lento","pianocore:Chopin,_Frédéric/Nocturnes,_Op.48/Nocturne_No.13_in_C_minor,_Lento",39,804,0.34974393913720747,0.9901645249988498,-0.17742982010841724,0.9784992808809375,3,0.2350782471704462,15,0.1365454496174151,0.009332155215703576,0.013021311491799074
E,"pianocore:Ravel,_Maurice/Pavane_pour_une_infante_défunte,_M.19","pianocore:Ravel,_Maurice/Pavane_pour_une_infante_défunte,_M.19",49,605,0.42409817648849346,0.9892241987639747,-0.5876968855085589,0.96954139363297,12,0.5474705206563086,15,0.06421048063583605,0.012380370020623381,0.014795910004008699
E,"pianocore:Satie,_Erik/Gnossiennes,_IES_24/2._Avec_étonnement","pianocore:Satie,_Erik/Gnossiennes,_IES_24/2._Avec_étonnement",50,204,0.8977580433113229,0.9923856357447306,0.2698991406447899,0.9825023453380648,8,0.5278951330887905,15,0.1981194249770773,0.036030577594529364,0.043044696642764065
E,schubert_d760_no2,schubert_d760_no2,49,1300,0.7296190706133183,0.9944795039857878,-1.1393800082837968,0.9704539050254428,3,0.22773568699705377,15,0.17739444674016736,0.005770567104301452,0.00816382551219962
E,schubert_d959_mv2,schubert_d959,49,1189,0.39773974469706974,0.9955163514059756,-0.0832034705721989,0.9895930053204666,10,0.4576387871293437,15,0.07433443569398365,0.006339318337746413,0.0077013487797316085
pt_frozen,albeniz_op47_mv1,albeniz_op47,47,681,0.30022331515006373,0.9856087521504244,-0.5643763656719027,0.9801071419803937,7,0.40219060825736586,15,0.085201266179734,0.010962377317701466,0.013516297561914702
pt_frozen,albeniz_op47_mv3,albeniz_op47,33,1294,0.11153638569184032,0.9450330715094505,0.1557378669267876,0.9783507947850747,10,0.5487742975833468,15,0.05418658480626151,0.0058206000487941315,0.007093859464811351
pt_frozen,albeniz_op47_mv4,albeniz_op47,25,937,0.34149795076792,0.964035064142158,-0.5020773578313229,0.9636766878357119,6,0.4641250188236794,15,0.048914160071126575,0.00794726548022046,0.009932103180736075
pt_frozen,albeniz_op47_mv5,albeniz_op47,49,1736,0.4405716389828457,0.9692672590224475,-0.20991852571762215,0.9654329393711732,9,0.49307255181493614,15,0.1198523585675449,0.004285682497730249,0.005423462997016612
pt_frozen,bach_bwv808_mv1,bach_bwv808,50,1306,-0.8012224450327012,0.9558838264863393,-0.7556217424195062,0.9146150553208189,6,0.3038299283531348,15,0.07615805339905893,0.005726895673728431,0.007355363396860543
pt_frozen,bach_bwv830_mv1,bach_bwv830,49,1770,0.40047143111381367,0.9762401018449592,0.22854671232982615,0.9778260028867247,4,0.32106116359132947,15,0.1053379822440329,0.004253845322767835,0.005638869233831431
pt_frozen,bach_bwv830_mv4,bach_bwv830,24,480,-0.15313769287521684,0.9168574161103511,0.2589299465202002,0.92759805914863,3,0.3846605722419085,15,0.21195509559149328,0.015438190033519374,0.021128664757913033
pt_frozen,bach_bwv830_mv5,bach_bwv830,20,1124,-0.12422155287210335,0.9317189012501402,-0.11290089099273759,0.9119202702795449,6,0.4954946693183139,15,0.08443157213974228,0.006653835593497559,0.008274548644302767
pt_frozen,bach_bwv875_fugue,bach_bwv875,44,488,0.0021411780150738524,0.9554957295218285,-0.6338736966957876,0.9820560860199576,7,0.42425474641406474,15,0.21419149889131495,0.015416471055285126,0.019097811629448257
pt_frozen,bach_bwv875_prelude,bach_bwv875,48,721,0.11018471303550093,0.9623159851861934,-0.28181654212426444,0.941301066503909,9,0.3869158928083515,15,0.0931272057939613,0.010383162641298939,0.012534189176456528
pt_frozen,beethoven_op10_no2_mv1,beethoven_op10_no2,32,1746,0.08772740150581182,0.9739973399731687,-1.4280453270148015,0.9151890780253316,8,0.41690413976401297,15,0.04546380743799386,0.00432413738444149,0.005215799294853985
pt_frozen,beethoven_op10_no2_mv2,beethoven_op10_no2,49,717,0.18620978565022306,0.9893172205723353,-0.6237053035983375,0.9819051407625389,11,0.5075325874470954,15,0.09825793424730085,0.010614798232374266,0.012929202144884716
pt_frozen,beethoven_op10_no2_mv3,beethoven_op10_no2,25,878,0.2944385861843589,0.9674827710002286,0.35870933907590796,0.8667302761774153,4,0.3577556262928809,15,0.06737185864421308,0.008665175253784995,0.01121901060122174
pt_frozen,beethoven_op49_no2_mv1,beethoven_op49_no2,29,1118,-0.20731807581604578,0.9350959442550026,-0.32042414555967635,0.9277418042622164,4,0.3235041005669046,15,0.05539412194221897,0.006727843566357184,0.008637529471672086
pt_frozen,beethoven_op49_no2_mv2,beethoven_op49_no2,50,805,0.5813850587206633,0.9898125505931081,-4.24632095499008,0.9730872330611411,4,0.31563047518924836,15,0.11786644192730578,0.009563110521240509,0.01229410697888681
pt_frozen,beethoven_op53_mv1,beethoven_op53,32,1689,0.6879329212065981,0.9869970568528404,0.4040472781867249,0.9410718569307285,2,0.19284367287202425,15,0.10257050935446675,0.004484667340123788,0.0064115323498135125
pt_frozen,beethoven_op53_mv2,beethoven_op53,49,249,0.5020559458075446,0.9945863840724165,-2.6476911726861454,0.9356483335203384,5,0.41700349332496184,15,0.17320978594847528,0.029942238177884252,0.039465630909891115
pt_frozen,beethoven_op53_mv3,beethoven_op53,50,1980,0.32485851955177025,0.9948735155272239,-3.3364398911620317,0.8721660893011834,1,0.10770423663921372,15,0.19229542971131358,0.003811871861535918,0.006510616548909489
pt_frozen,beethoven_woo59,beethoven_woo59,44,713,-0.2388724015168473,0.960956336256237,-2.210001225575578,0.9566272360944669,4,0.28612290572827304,15,0.1446287463848198,0.010513649582932638,0.014140118720074826
pt_frozen,chopin_op28_no13,chopin_op28_no13,49,465,0.36704002421574167,0.9675690921030919,0.4203445677636338,0.9889288183687346,6,0.36725110951572904,15,0.14867760329604787,0.016370771836692485,0.02091708000430131
pt_frozen,chopin_op28_no16,chopin_op28_no16,50,704,0.5325803087732569,0.9514043890797732,0.20676283916887128,0.95544429208621,11,0.4195629015389704,15,0.07491963774938545,0.01070169255860502,0.012609705992954152
pt_frozen,chopin_op66,chopin_op66,44,2435,0.43750780750757057,0.9827573751429998,-0.2677541510265551,0.9688554362135625,1,0.14097339100472528,15,0.22148807001833218,0.0031052017637648146,0.00532765650679843
pt_frozen,debussy_l123_no10,debussy_l123_no10,50,200,0.32590614451462463,0.9816165667211517,-0.6454465966241729,0.9926384768882136,6,0.36410917960268535,15,0.084877344907731,0.0380053099038625,0.04800720638280443
pt_frozen,debussy_l136_no1,debussy_l136_no1,49,1375,0.22154571795593836,0.9870317155679992,-0.11296432105356713,0.9805555871845922,6,0.33768402275704185,15,0.08346460490054915,0.005511206131238528,0.007021220415333625
pt_frozen,faure_op63,faure_op63,50,2025,0.5142414996169901,0.9900355161582826,0.39868660072147954,0.9941931660476075,12,0.440019454801309,15,0.06658961342792723,0.0037112662051317935,0.004510922316789971
pt_frozen,grieg_op12_no4,grieg_op12_no4,50,334,-0.22918357588376792,0.9774015775388049,0.17466835261283875,0.9576157170053365,4,0.29863306463161765,15,0.13420798441914172,0.022483793240557746,0.030311196732569094
pt_frozen,liszt_s145_mv1,liszt_s145,48,1913,0.6386489401415147,0.9875187474272262,0.1516040774254812,0.9709366541030927,4,0.21451726245577754,15,0.12237511044438425,0.003909928404188737,0.005097051897891996
pt_frozen,liszt_s145_mv2,liszt_s145,39,1686,0.19713345054064624,0.9607983971406416,-0.9603315448435792,0.9552878765762425,6,0.28640320353441473,15,0.04578059645605019,0.0044383819651024,0.0056257548469078635
pt_frozen,macdowell_op51_no1,macdowell_op51_no1,50,130,0.6230623642439785,0.9863927287744565,-4.102570465392883,0.9906210093944872,5,0.4232788479258751,15,0.23834702239602748,0.05809168451979141,0.07288744330767388
pt_frozen,mozart_k576_mv1,mozart_k576,30,1348,0.09909463488787862,0.9700786220430848,-0.17050054886598653,0.9384191408869154,6,0.3854618469542689,15,0.03582132420669339,0.0054940122840144955,0.0068364594049644895
pt_frozen,mozart_k576_mv2,mozart_k576,50,921,0.7600695524794534,0.9902747156043861,0.4078929634313414,0.9838012883163036,10,0.48574517540120055,15,0.07725160144033824,0.008250028141209832,0.009887513868903297
pt_frozen,mozart_k576_mv3,mozart_k576,50,1737,0.45156900748310413,0.9776976998314363,-2.0354537157893424,0.9302665865781862,14,0.517087469725253,15,0.029462095302209983,0.004266626029802017,0.005011887664755707
pt_frozen,"pianocore:Beethoven,_Ludwig_van/2_Sonatinas_for_Piano,_Anh.5/1._Sonatina_in_G_major","pianocore:Beethoven,_Ludwig_van/2_Sonatinas_for_Piano,_Anh.5",31,342,0.21315635405659805,0.9678535284365185,-0.043031071482344974,0.9925717952875613,3,0.33307527143963467,15,0.10474794331293696,0.022058439578979044,0.029982656994588977
pt_frozen,"pianocore:Beethoven,_Ludwig_van/2_Sonatinas_for_Piano,_Anh.5/2._Sonatina_in_F_major","pianocore:Beethoven,_Ludwig_van/2_Sonatinas_for_Piano,_Anh.5",49,412,-0.13675776144035523,0.9739682461528162,-0.38786698716609647,0.9650011667637908,4,0.2640318865302739,15,0.10259846513634127,0.018343505954697838,0.025776608267939278
pt_frozen,"pianocore:Chopin,_Frédéric/Nocturnes,_Op.48/Nocturne_No.13_in_C_minor,_Lento","pianocore:Chopin,_Frédéric/Nocturnes,_Op.48/Nocturne_No.13_in_C_minor,_Lento",39,804,0.4345673480935185,0.9901645249988498,0.19604516996728916,0.9784992808809375,3,0.2350782471704462,15,0.21866961278033323,0.009332155215703576,0.013021311491799074
pt_frozen,"pianocore:Ravel,_Maurice/Pavane_pour_une_infante_défunte,_M.19","pianocore:Ravel,_Maurice/Pavane_pour_une_infante_défunte,_M.19",49,605,0.3157886410890042,0.9892241987639747,-0.5690147740958598,0.96954139363297,12,0.5474705206563086,15,0.07431669342778294,0.012380370020623381,0.014795910004008699
pt_frozen,"pianocore:Satie,_Erik/Gnossiennes,_IES_24/2._Avec_étonnement","pianocore:Satie,_Erik/Gnossiennes,_IES_24/2._Avec_étonnement",50,204,0.8197635483333351,0.9923856357447306,0.3365168539569995,0.9825023453380648,8,0.5278951330887905,15,0.1220053921492568,0.036030577594529364,0.043044696642764065
pt_frozen,schubert_d760_no2,schubert_d760_no2,49,1300,0.7144190589208698,0.9944795039857878,-0.23702774752924305,0.9704539050254428,3,0.22773568699705377,15,0.1500865307815628,0.005770567104301452,0.00816382551219962
pt_frozen,schubert_d959_mv2,schubert_d959,49,1189,0.6197490747687671,0.9955163514059756,-0.16270945429255668,0.9895930053204666,10,0.4576387871293437,15,0.12256592400754829,0.006339318337746413,0.0077013487797316085
pt_E,albeniz_op47_mv1,albeniz_op47,47,681,0.04135515212242402,0.9856087521504244,0.2110120166808428,0.9801071419803937,7,0.40219060825736586,15,0.12714586387107,0.010962377317701466,0.013516297561914702
pt_E,albeniz_op47_mv3,albeniz_op47,33,1294,0.4024300925179427,0.9450330715094505,0.18112790594665806,0.9783507947850747,10,0.5487742975833468,15,0.06778036455254223,0.0058206000487941315,0.007093859464811351
pt_E,albeniz_op47_mv4,albeniz_op47,25,937,0.22781380390072703,0.964035064142158,0.054008413560748036,0.9636766878357119,6,0.4641250188236794,15,0.09895018945931373,0.00794726548022046,0.009932103180736075
pt_E,albeniz_op47_mv5,albeniz_op47,49,1736,0.38682983656414893,0.9692672590224475,-0.166773710492516,0.9654329393711732,9,0.49307255181493614,15,0.12366033939165173,0.004285682497730249,0.005423462997016612
pt_E,bach_bwv808_mv1,bach_bwv808,50,1306,0.41966321380014737,0.9558838264863393,0.23209196232441254,0.9146150553208189,6,0.3038299283531348,15,0.07872775506350903,0.005726895673728431,0.007355363396860543
pt_E,bach_bwv830_mv1,bach_bwv830,49,1770,0.35815393023858333,0.9762401018449592,0.2505752587660338,0.9778260028867247,4,0.32106116359132947,15,0.08072515018418519,0.004253845322767835,0.005638869233831431
pt_E,bach_bwv830_mv4,bach_bwv830,24,480,0.27067308127188117,0.9168574161103511,0.018742551697155774,0.92759805914863,3,0.3846605722419085,15,0.11055248186244111,0.015438190033519374,0.021128664757913033
pt_E,bach_bwv830_mv5,bach_bwv830,20,1124,0.4483912595899249,0.9317189012501402,-0.4349373278804418,0.9119202702795449,6,0.4954946693183139,15,0.08206264940123469,0.006653835593497559,0.008274548644302767
pt_E,bach_bwv875_fugue,bach_bwv875,44,488,0.6650079912938618,0.9554957295218285,0.17801384291099454,0.9820560860199576,7,0.42425474641406474,15,0.2308503277705869,0.015416471055285126,0.019097811629448257
pt_E,bach_bwv875_prelude,bach_bwv875,48,721,0.48086756008468134,0.9623159851861934,0.48733569949705524,0.941301066503909,9,0.3869158928083515,15,0.10044910559841705,0.010383162641298939,0.012534189176456528
pt_E,beethoven_op10_no2_mv1,beethoven_op10_no2,32,1746,0.5128565517811945,0.9739973399731687,-0.16294680616587054,0.9151890780253316,8,0.41690413976401297,15,0.04390594181264236,0.00432413738444149,0.005215799294853985
pt_E,beethoven_op10_no2_mv2,beethoven_op10_no2,49,717,0.47443988888124367,0.9893172205723353,-0.43236635316464533,0.9819051407625389,11,0.5075325874470954,15,0.1525725872442658,0.010614798232374266,0.012929202144884716
pt_E,beethoven_op10_no2_mv3,beethoven_op10_no2,25,878,0.5383465770316822,0.9674827710002286,0.4884395745769361,0.8667302761774153,4,0.3577556262928809,15,0.10705780231581875,0.008665175253784995,0.01121901060122174
pt_E,beethoven_op49_no2_mv1,beethoven_op49_no2,29,1118,0.38896064625420934,0.9350959442550026,0.24055925313834636,0.9277418042622164,4,0.3235041005669046,15,0.0740793737942612,0.006727843566357184,0.008637529471672086
pt_E,beethoven_op49_no2_mv2,beethoven_op49_no2,50,805,0.6840788278032603,0.9898125505931081,0.3288542084104815,0.9730872330611411,4,0.31563047518924836,15,0.15778661574487848,0.009563110521240509,0.01229410697888681
pt_E,beethoven_op53_mv1,beethoven_op53,32,1689,0.516629688501673,0.9869970568528404,-0.0003163086836646123,0.9410718569307285,2,0.19284367287202425,15,0.0772004780880016,0.004484667340123788,0.0064115323498135125
pt_E,beethoven_op53_mv2,beethoven_op53,49,249,0.600127993720563,0.9945863840724165,-0.7532708704522248,0.9356483335203384,5,0.41700349332496184,15,0.17038505559994926,0.029942238177884252,0.039465630909891115
pt_E,beethoven_op53_mv3,beethoven_op53,50,1980,0.44259356321363974,0.9948735155272239,-3.5487729517252706,0.8721660893011834,1,0.10770423663921372,15,0.45499485529318123,0.003811871861535918,0.006510616548909489
pt_E,beethoven_woo59,beethoven_woo59,44,713,0.5852254324484427,0.960956336256237,0.09241933387906698,0.9566272360944669,4,0.28612290572827304,15,0.20748602303944824,0.010513649582932638,0.014140118720074826
pt_E,chopin_op28_no13,chopin_op28_no13,49,465,-0.2481175882712121,0.9675690921030919,0.14920263379653687,0.9889288183687346,6,0.36725110951572904,15,0.19238539409263616,0.016370771836692485,0.02091708000430131
pt_E,chopin_op28_no16,chopin_op28_no16,50,704,0.5689648049771865,0.9514043890797732,0.3264806661133195,0.95544429208621,11,0.4195629015389704,15,0.0987632653039242,0.01070169255860502,0.012609705992954152
pt_E,chopin_op66,chopin_op66,44,2435,0.3564613933668609,0.9827573751429998,0.053736587883653764,0.9688554362135625,1,0.14097339100472528,15,0.2651055959136823,0.0031052017637648146,0.00532765650679843
pt_E,debussy_l123_no10,debussy_l123_no10,50,200,0.380233973100761,0.9816165667211517,0.18982365301814952,0.9926384768882136,6,0.36410917960268535,15,0.1980530010985855,0.0380053099038625,0.04800720638280443
pt_E,debussy_l136_no1,debussy_l136_no1,49,1375,0.21941008040262078,0.9870317155679992,-0.12992175823514063,0.9805555871845922,6,0.33768402275704185,15,0.10740088281797015,0.005511206131238528,0.007021220415333625
pt_E,faure_op63,faure_op63,50,2025,0.47860474555316623,0.9900355161582826,0.4667603805867777,0.9941931660476075,12,0.440019454801309,15,0.0518803463184772,0.0037112662051317935,0.004510922316789971
pt_E,grieg_op12_no4,grieg_op12_no4,50,334,-0.34068174746717217,0.9774015775388049,0.22123576376993015,0.9576157170053365,4,0.29863306463161765,15,0.22502503533944088,0.022483793240557746,0.030311196732569094
pt_E,liszt_s145_mv1,liszt_s145,48,1913,0.3967071838299169,0.9875187474272262,0.2753854609692561,0.9709366541030927,4,0.21451726245577754,15,0.10468942793804878,0.003909928404188737,0.005097051897891996
pt_E,liszt_s145_mv2,liszt_s145,39,1686,0.2662354618498288,0.9607983971406416,-0.052534270807961914,0.9552878765762425,6,0.28640320353441473,15,0.07634524340071261,0.0044383819651024,0.0056257548469078635
pt_E,macdowell_op51_no1,macdowell_op51_no1,50,130,0.7001985295397336,0.9863927287744565,0.4795827505236515,0.9906210093944872,5,0.4232788479258751,15,0.29189665444737195,0.05809168451979141,0.07288744330767388
pt_E,mozart_k576_mv1,mozart_k576,30,1348,0.4724669704893927,0.9700786220430848,-0.7952362206657226,0.9384191408869154,6,0.3854618469542689,15,0.05378009467952726,0.0054940122840144955,0.0068364594049644895
pt_E,mozart_k576_mv2,mozart_k576,50,921,0.8567632573152166,0.9902747156043861,0.741175778538262,0.9838012883163036,10,0.48574517540120055,15,0.1009007392846731,0.008250028141209832,0.009887513868903297
pt_E,mozart_k576_mv3,mozart_k576,50,1737,0.6923820441114128,0.9776976998314363,-0.574930766846848,0.9302665865781862,14,0.517087469725253,15,0.039938036176518074,0.004266626029802017,0.005011887664755707
pt_E,"pianocore:Beethoven,_Ludwig_van/2_Sonatinas_for_Piano,_Anh.5/1._Sonatina_in_G_major","pianocore:Beethoven,_Ludwig_van/2_Sonatinas_for_Piano,_Anh.5",31,342,0.7224566734875562,0.9678535284365185,0.2709019882197973,0.9925717952875613,3,0.33307527143963467,15,0.32860346749983,0.022058439578979044,0.029982656994588977
pt_E,"pianocore:Beethoven,_Ludwig_van/2_Sonatinas_for_Piano,_Anh.5/2._Sonatina_in_F_major","pianocore:Beethoven,_Ludwig_van/2_Sonatinas_for_Piano,_Anh.5",49,412,0.5639053301289529,0.9739682461528162,0.36497044044324245,0.9650011667637908,4,0.2640318865302739,15,0.17046370721388288,0.018343505954697838,0.025776608267939278
pt_E,"pianocore:Chopin,_Frédéric/Nocturnes,_Op.48/Nocturne_No.13_in_C_minor,_Lento","pianocore:Chopin,_Frédéric/Nocturnes,_Op.48/Nocturne_No.13_in_C_minor,_Lento",39,804,0.48982449177997534,0.9901645249988498,0.23738557823003636,0.9784992808809375,3,0.2350782471704462,15,0.21705876239329358,0.009332155215703576,0.013021311491799074
pt_E,"pianocore:Ravel,_Maurice/Pavane_pour_une_infante_défunte,_M.19","pianocore:Ravel,_Maurice/Pavane_pour_une_infante_défunte,_M.19",49,605,0.3388880028126753,0.9892241987639747,-0.5650729737895426,0.96954139363297,12,0.5474705206563086,15,0.1023160772343522,0.012380370020623381,0.014795910004008699
pt_E,"pianocore:Satie,_Erik/Gnossiennes,_IES_24/2._Avec_étonnement","pianocore:Satie,_Erik/Gnossiennes,_IES_24/2._Avec_étonnement",50,204,0.8437716059283727,0.9923856357447306,-0.33337397420993553,0.9825023453380648,8,0.5278951330887905,15,0.20058291800531813,0.036030577594529364,0.043044696642764065
pt_E,schubert_d760_no2,schubert_d760_no2,49,1300,0.5177686358601628,0.9944795039857878,0.39388673468693225,0.9704539050254428,3,0.22773568699705377,15,0.23913562067644265,0.005770567104301452,0.00816382551219962
pt_E,schubert_d959_mv2,schubert_d959,49,1189,0.18109682547240324,0.9955163514059756,0.20117291652206704,0.9895930053204666,10,0.4576387871293437,15,0.10410509676472356,0.006339318337746413,0.0077013487797316085
