piece_id,n_tier_a,n_maj,score_notes,work,role,r02,n_periscope_paired,periscope_possible,set
bach_bwv825_mv1,89,89,622,bach_bwv825,R10u,True,0,False,decision
bach_bwv857,96,96,1879,bach_bwv857,R10u,True,0,False,decision
bach_bwv862,115,115,1573,bach_bwv862,R10u,True,0,False,decision
bach_bwv911,93,93,4612,bach_bwv911,R10u,True,0,False,decision
chopin_op12,142,142,4489,chopin_op12,R10u,True,0,False,decision
chopin_op17_no2,95,95,786,chopin_op17_no2,R10u,True,0,False,decision
chopin_op17_no4,369,369,1622,chopin_op17_no4,R10u,True,0,False,decision
chopin_op22,453,453,7701,chopin_op22,R10u,True,0,False,decision
chopin_op24_no1,117,98,1103,chopin_op24_no1,R10u,True,0,False,decision
chopin_op24_no2,120,120,1422,chopin_op24_no2,R10u,True,0,False,decision
chopin_op24_no4,133,112,2112,chopin_op24_no4,R10u,True,0,False,decision
chopin_op29,328,328,2364,chopin_op29,R10u,True,0,False,decision
chopin_op42,246,246,3306,chopin_op42,R10u,True,0,False,decision
chopin_op51,163,163,2431,chopin_op51,R10u,True,0,False,decision
chopin_op63_no3,155,155,783,chopin_op63_no3,R10u,True,0,False,decision
chopin_op67_no2,174,93,786,chopin_op67_no2,R10u,True,0,False,decision
chopin_op68_no2,108,104,921,chopin_op68_no2,R10u,True,0,False,decision
chopin_op7_no1,196,150,1133,chopin_op7_no1,R10u,True,0,False,decision
grieg_op43_no6,108,90,1626,grieg_op43_no6,R10u,True,0,False,decision
grieg_op54_no4,249,249,1336,grieg_op54_no4,R10u,True,0,False,decision
haydn_hobxvi34_mv1,109,93,1654,haydn_hobxvi34,R10u,True,0,False,decision
kuhlau_op20_no1_mv1,172,141,1070,kuhlau_op20_no1,R10u,True,0,False,decision
liszt_s254,201,201,11957,liszt_s254,R10u,True,0,False,decision
liszt_s434,246,246,5313,liszt_s434,R10u,True,0,False,decision
mendelssohn_op14,330,330,4870,mendelssohn_op14,R10u,True,0,False,decision
mendelssohn_op19_no4,94,94,581,mendelssohn_op19_no4,R10u,True,0,False,decision
mendelssohn_op30_no3,95,95,441,mendelssohn_op30_no3,R10u,True,0,False,decision
mendelssohn_op30_no6,311,241,825,mendelssohn_op30_no6,R10u,True,0,False,decision
mendelssohn_op38_no6,109,109,1168,mendelssohn_op38_no6,R10u,True,0,False,decision
mendelssohn_op53_no3,131,131,2223,mendelssohn_op53_no3,R10u,True,0,False,decision
"pianocore:Bach,_Johann_Sebastian/Notebook_for_Anna_Magdalena_Bach,_Book_2,_BWV_Anh.113-132/36._Minuet_in_D_minor,_BWV_Anh.132",91,90,248,"pianocore:Bach,_Johann_Sebastian/Notebook_for_Anna_Magdalena_Bach,_Book_2,_BWV_Anh.113-132/36._Minuet_in_D_minor,_BWV_Anh.132",R10u,True,0,False,decision
"pianocore:Bartók,_Béla/Romanian_Folk_Dances,_Sz.56",110,105,2490,"pianocore:Bartók,_Béla/Romanian_Folk_Dances,_Sz.56",R10u,True,0,False,decision
"pianocore:Chopin,_Frédéric/Nocturnes,_Op.15/Nocturne_No.6_in_G_minor,_Lento",112,112,1095,"pianocore:Chopin,_Frédéric/Nocturnes,_Op.15/Nocturne_No.6_in_G_minor,_Lento",R10u,True,0,False,decision
"pianocore:Chopin,_Frédéric/Waltzes,_Op.34/Waltz_No.2_in_A_flat_major,_""Valse_brillante"",_Vivace",278,274,3990,"pianocore:Chopin,_Frédéric/Waltzes,_Op.34/Waltz_No.2_in_A_flat_major,_""Valse_brillante"",_Vivace",R10u,True,0,False,decision
"pianocore:Chopin,_Frédéric/Waltzes,_Op.64/Waltz_No.8_in_A_flat_major,_Moderato",117,117,1936,"pianocore:Chopin,_Frédéric/Waltzes,_Op.64/Waltz_No.8_in_A_flat_major,_Moderato",R10u,True,0,False,decision
"pianocore:Chopin,_Frédéric/Waltzes,_Op.70/Waltz_No.11_in_G_flat_major,_Molto_vivace",96,96,1376,"pianocore:Chopin,_Frédéric/Waltzes,_Op.70/Waltz_No.11_in_G_flat_major,_Molto_vivace",R10u,True,0,False,decision
"pianocore:Chopin,_Frédéric/Waltzes,_Op.70/Waltz_No.13_in_D_flat_major,_Moderato",114,105,1516,"pianocore:Chopin,_Frédéric/Waltzes,_Op.70/Waltz_No.13_in_D_flat_major,_Moderato",R10u,True,0,False,decision
"pianocore:Satie,_Erik/Je_te_veux",117,116,2050,"pianocore:Satie,_Erik/Je_te_veux",R10u,True,0,False,decision
scarlatti_k1,105,83,1482,scarlatti_k1,R10u,True,0,False,decision
scarlatti_k9,110,95,1326,scarlatti_k9,R10u,True,0,False,decision
scriabin_op19,106,106,6244,scriabin_op19,R10u,True,0,False,decision
tchaikovsky_op37a_no11,139,139,1854,tchaikovsky_op37a_no11,R10u,True,0,False,decision
bach_bwv773,185,185,691,bach_bwv773,train,True,7,False,calibration
bach_bwv778,102,102,676,bach_bwv778,train,True,4,False,calibration
bach_bwv788,174,174,908,bach_bwv788,train,True,2,False,calibration
bach_bwv801,189,189,666,bach_bwv801,train,True,2,False,calibration
beethoven_op106_mv1,215,204,7971,beethoven_op106,train,True,148,True,calibration
beethoven_op106_mv4,216,216,8366,beethoven_op106,train,True,141,True,calibration
beethoven_op26_mv4,114,114,2337,beethoven_op26,train,True,94,False,calibration
beethoven_op2_no3_mv1,140,140,5927,beethoven_op2_no3,val,True,142,False,calibration
beethoven_op57_mv1,601,601,6427,beethoven_op57,train,True,293,False,calibration
beethoven_op57_mv2,267,267,1980,beethoven_op57,train,True,253,False,calibration
beethoven_op81a_mv2,125,125,873,beethoven_op81a,train,True,127,False,calibration
brahms_op79_no1,180,150,4689,brahms_op79_no1,val,True,13,False,calibration
burgmuller_op100_no15,209,192,865,burgmuller_op100_no15,train,True,6,False,calibration
chopin_op10_no11,184,184,1981,chopin_op10_no11,train,True,78,False,calibration
chopin_op23,1482,1482,5016,chopin_op23,train,True,221,False,calibration
chopin_op25_no1,618,618,2226,chopin_op25_no1,train,True,86,False,calibration
chopin_op28_no19,164,164,1237,chopin_op28_no19,train,True,97,False,calibration
chopin_op28_no23,156,156,503,chopin_op28_no23,train,True,117,False,calibration
chopin_op28_no9,160,160,414,chopin_op28_no9,train,True,126,False,calibration
chopin_op47,732,732,4465,chopin_op47,train,True,137,False,calibration
chopin_op57,331,331,1688,chopin_op57,train,True,61,False,calibration
debussy_l114,141,141,662,debussy_l114,train,True,8,False,calibration
debussy_l117_no6,108,108,374,debussy_l117_no6,train,True,30,False,calibration
debussy_l123_no7,117,117,1444,debussy_l123_no7,train,True,30,False,calibration
liszt_s141_no3,846,846,4145,liszt_s141_no3,train,True,53,True,calibration
liszt_s162_no3,187,187,7730,liszt_s162_no3,train,True,6,False,calibration
mendelssohn_op19_no6,169,169,590,mendelssohn_op19_no6,train,True,6,False,calibration
"pianocore:Albéniz,_Isaac/Iberia/6._Triana",120,120,3763,"pianocore:Albéniz,_Isaac/Iberia/6._Triana",train,True,56,False,calibration
"pianocore:Bach,_Johann_Sebastian/Goldberg_Variations,_BWV_988/Aria",228,189,836,"pianocore:Bach,_Johann_Sebastian/Goldberg_Variations,_BWV_988/Aria",train,True,26,False,calibration
"pianocore:Debussy,_Claude/2_Arabesques/1._Andantino_con_moto_(E_major)",1068,1068,1451,"pianocore:Debussy,_Claude/2_Arabesques/1._Andantino_con_moto_(E_major)",train,True,48,False,calibration
"pianocore:Debussy,_Claude/Pour_le_Piano/1._Prélude",152,152,3230,"pianocore:Debussy,_Claude/Pour_le_Piano/1._Prélude",val,True,32,False,calibration
"pianocore:Pezold,_Christian/Minuet_in_G_minor,_BWV_Anh.115",114,99,434,"pianocore:Pezold,_Christian/Minuet_in_G_minor,_BWV_Anh.115",train,True,2,False,calibration
"pianocore:Ravel,_Maurice/Gaspard_de_la_nuit,_M.55/Scarbo",208,208,7164,"pianocore:Ravel,_Maurice/Gaspard_de_la_nuit,_M.55/Scarbo",train,True,77,False,calibration
"pianocore:Satie,_Erik/Gnossiennes,_IES_24/1._Lent",417,417,822,"pianocore:Satie,_Erik/Gnossiennes,_IES_24/1._Lent",val,True,89,False,calibration
"pianocore:Satie,_Erik/Gnossiennes,_IES_24/3._Lent",190,190,600,"pianocore:Satie,_Erik/Gnossiennes,_IES_24/3._Lent",train,True,60,False,calibration
rachmaninoff_op39_no5,230,230,3989,rachmaninoff_op39_no5,train,True,30,False,calibration
schumann_op17_mv1,300,300,5086,schumann_op17,train,True,78,False,calibration
schumann_op17_mv2,150,150,5099,schumann_op17,train,True,74,False,calibration
schumann_op18,357,356,2663,schumann_op18,train,True,62,False,calibration
tchaikovsky_op37a_no12,159,159,2652,tchaikovsky_op37a_no12,train,True,32,False,calibration
debussy_l117_no6,108,108,374,debussy_l117_no6,train,True,30,False,dryrun
chopin_op28_no9,160,160,414,chopin_op28_no9,train,True,126,False,dryrun
