piece,work,n,n_onsets,gen_notes,n_capture_model_Aria-AMT,n_capture_model_ATEPP,n_capture_model_Transkun_V2,n_source_dataset_Aria-MIDI,n_source_dataset_ATEPP,n_source_dataset_PERiScoPe,reliability_velocity,oracle_analytic_velocity,ss_target_velocity,ss_noise_velocity,ss_signal_velocity,reliability_log_ioi,oracle_analytic_log_ioi,ss_target_log_ioi,ss_noise_log_ioi,ss_signal_log_ioi,k,var_shared,expert_cond_r2_zero,expert_cond_r2_perf_mean,expert_cond_r2_expert_basis,oracle_emp_velocity,oracle_emp_r2_velocity,oracle_emp_b_velocity,oracle_emp_log_ioi,oracle_emp_r2_log_ioi,oracle_emp_b_log_ioi,cap_oracle,cap_random,n_capture_model_ByteDance,n_source_dataset_GiantMIDI-Piano
bach_bwv852_fugue,bach_bwv852,21,576,904,16,4.0,1.0,16,4.0,1.0,0.8668172055375378,0.6803776538935176,10465.208173360203,1462.2316977183032,9002.976475641899,0.8802054646209807,0.7337912458722047,7.468381355719567,0.9033435568780999,6.565037798841467,2,0.25155174528949376,0.0,-0.06627491334793367,-0.03324258817624015,,,,,,,,,,
bach_bwv852_prelude,bach_bwv852,39,951,1412,33,4.0,2.0,33,4.0,2.0,0.9353601106815924,0.7686020406415526,23203.884733940737,1585.3724363647548,21618.51229757598,0.9524415975418904,0.8355792782102391,13.69329658364423,0.6649275277269833,13.028369055917247,4,0.3876638774212135,0.0,-0.27297229725597716,0.039993139506328323,0.7292193242300581,0.7686746846783272,1.023404803785194,0.8172964214620722,0.8384393808991261,1.0365513865911267,0.38890836080312874,0.007971187191966456,,
bach_bwv859_fugue,bach_bwv859,31,469,856,26,3.0,2.0,26,3.0,2.0,0.9365452755414437,0.8070573408481472,14095.10197072536,959.5387436201822,13135.563227105178,0.8892029917228205,0.7112325605444157,5.090240885585116,0.5992979780443125,4.490942907540804,0,0.0,,,,,,,,,,,,,
bach_bwv861_fugue,bach_bwv861,29,402,746,25,4.0,,25,4.0,,0.9000242308097267,0.714502073068324,8151.5408159864,840.138122437311,7311.402693549089,0.8951154244770968,0.6888570862503987,3.9719565149328924,0.44433308121654835,3.527623433716344,1,0.3204330647007267,0.0,-0.09968856601541343,0.014177266683754741,,,,,,,,,,
bach_bwv861_prelude,bach_bwv861,45,598,803,38,5.0,2.0,38,5.0,2.0,0.9670532762763677,0.8776687546971158,26380.994508692205,929.541329688471,25451.453179003733,0.8544329482044279,0.5007216573618797,12.262760998300928,1.810268209857484,10.452492788443443,8,0.3740746403574459,0.0,-0.07533353612677463,-0.0008679042396626535,0.8489358904144326,0.8603777709386693,1.0074525375720191,0.33606478535316303,0.5088285305171285,1.1181997579437284,0.10141621456684491,0.012564670487410742,,
bach_bwv882_prelude,bach_bwv882,21,964,1449,17,2.0,2.0,17,2.0,2.0,0.9002183258563702,0.764247888437253,29634.656056718533,3151.8363445625155,26482.81971215602,0.8547070083804277,0.6948282022867667,28.254755612918352,4.138076969312934,24.116678643605418,2,0.23070493924741486,0.0,-0.05175819794924519,0.0276000300593221,,,,,,,,,,
bach_bwv910,bach_bwv910,23,1977,3002,23,,,23,,,0.9498168058895453,0.8784627075101941,152782.94602436625,7726.699839544096,145056.24618482214,0.9794430583760323,0.9460739803350487,204.62269707463088,4.604579596555405,200.01811747807548,3,0.4026706538046269,0.0,-0.06429851420980048,0.1321278100635337,,,,,,,,,,
bach_bwv912,bach_bwv912,48,1838,3000,42,4.0,2.0,42,4.0,2.0,0.978543305730791,0.9055005485662646,145684.6083095107,3458.2588488388565,142226.34946067183,0.9957806869619538,0.9814627673521978,411.61365378904344,1.918685299321068,409.6949684897224,9,0.4938670933738397,0.0,-0.11703643580143175,0.003133478421756597,0.9028770342220136,0.9114130015816532,1.0155351140256639,0.9797393403380031,0.9811352634838698,1.0033758526822325,0.2665782438307097,0.004107289451447755,,
bach_bwv913,bach_bwv913,20,1978,3000,16,4.0,,16,4.0,,0.9314871200810593,0.8392129553307976,134122.32549842473,9612.563850599883,124509.76164782485,0.9817904027156057,0.9367669619424455,353.22486571587075,9.966484401854107,343.2583813140166,1,0.38483155879261416,0.0,-0.0723709779273789,0.20663156619184142,,,,,,,,,,
bach_bwv915,bach_bwv915,22,1534,3001,21,,,21,,,0.9300085384454814,0.8283973180372137,68775.8283168762,4995.02568148518,63780.80263539102,0.9911811795015053,0.9763265160244977,301.6746971422742,3.0610045974352005,298.613692544839,2,0.28638699518018707,0.0,-0.09740107632236716,0.07532551346451088,,,,,,,,,1.0,1.0
bach_bwv916,bach_bwv916,31,1773,3000,29,1.0,,29,1.0,,0.9601875726946594,0.8781641884616416,95397.5213776305,3982.5515163316304,91414.96986129887,0.9956774195870525,0.978537086911001,258.39406858194013,1.9112272859039123,256.4828412960362,3,0.42450309137756215,0.0,-0.0647516567249038,0.13130473080119553,,,,,,,,,1.0,1.0
chaminade_op61,chaminade_op61,14,1327,2377,13,,,13,,,0.9404043007188891,0.8849441358265764,135398.4763015363,8465.906980822256,126932.56932071406,0.8799849014664094,0.7605411880464534,79.09899545292794,10.383556294514191,68.71543915841374,2,0.37935191713695043,0.0,-0.023223925171678372,0.12483962654696457,,,,,,,,,1.0,1.0
chopin_op33_no3,chopin_op33_no3,28,233,527,22,,6.0,22,,6.0,0.9709873222235607,0.9119040196206509,19895.621342353625,640.5487798284884,19255.072562525136,0.9799595805553163,0.9437694716017322,33.363825144838046,0.7098966591967764,32.653928485641266,1,0.19247473963094586,0.0,-0.07525148485839606,0.10759506087247617,,,,,,,,,,
chopin_op67_no1,chopin_op67_no1,20,311,796,19,,1.0,19,,1.0,0.9243247969697057,0.8345057947648111,15952.160143325062,1209.378608407359,14742.781534917704,0.936236711295202,0.8653570189390611,30.587827857503587,1.9487504230021684,28.63907743450142,6,0.574829658853493,0.0,-0.028664720247721265,0.0709237362339874,,,,,,,,,,
chopin_op6_no3,chopin_op6_no3,31,445,1348,26,,5.0,26,,5.0,0.9808450854316393,0.9355964145552741,48606.47062935722,1075.5310820350205,47530.9395473222,0.9219924425006056,0.7569940551006338,16.986761475513035,1.4398667992173269,15.546894676295707,6,0.44016267258247377,0.0,-0.036325690604607885,0.05622347832633656,,,,,,,,,,
clementi_op36_no2,clementi_op36_no2,26,1377,2084,26,,,26,,,0.9529682965113874,0.8619148339058931,64012.4398079439,3450.7677962102675,60561.67201173363,0.9627002309434489,0.8935527789900842,31.69548105047115,1.3138398381400256,30.381641212331125,3,0.38013394198162176,0.0,-0.11435261771136962,0.13297962574891575,,,,,,,,,,
clementi_op36_no3,clementi_op36_no3,29,1206,2043,29,,,29,,,0.9668293853823072,0.901424623435688,62238.18017116339,2227.0310696286124,60011.14910153478,0.9640403321518707,0.8803604938619443,28.840207984796997,1.2544433226242582,27.58576466217274,3,0.28913549801258226,0.0,-0.013377713268633684,0.0606527074743477,,,,,,,,,,
duvernoy_op176_no18,duvernoy_op176_no18,21,268,414,21,,,21,,,0.9143655599850602,0.7959323067625426,9064.07482863096,800.6786124263299,8263.39621620463,0.9144536841718738,0.7822402081110127,1.5679204056592644,0.14820613472480887,1.4197142709344555,3,0.3509833709646469,0.0,-0.05429015244018176,0.04743684246935709,,,,,,,,,,
grieg_op54_no2,grieg_op54_no2,26,934,1824,23,2.0,1.0,23,2.0,1.0,0.9821008866626236,0.9474387515616354,135541.7226453589,2726.0377394323395,132815.68490592658,0.9723334114829738,0.9130135079871226,55.22485068282718,1.8449123777437593,53.37993830508342,4,0.4320293619506397,0.0,-0.022113149848800084,0.16153669847320884,,,,,,,,,,
kuhlau_op55_no1,kuhlau_op55_no1,28,938,1644,28,,,28,,,0.952023569313769,0.8531418997535702,36942.946311149586,1978.8181519025861,34964.128159247,0.9901813375128832,0.9685986629744899,64.1197998972756,0.734795641072356,63.385004256203246,4,0.3685695588504988,0.0,-0.22424626609178233,0.05897013663154804,,,,,,,,,,
liszt_s207,liszt_s207,36,282,452,35,,,35,,,0.9720685403824071,0.907407030287179,18980.15481038198,559.4663218041721,18420.68848857781,0.9640211700871102,0.890776253637809,15.991885704407292,0.5839046265575253,15.407981077849767,4,0.30155210528697945,0.0,-0.08889254663459778,-0.0727448634813257,0.8828394009433135,0.8945565117278619,1.0064119131362266,0.8461245336081709,0.8581316651462678,1.0142637778141865,0.18987790773718521,0.026507878081075225,1.0,1.0
lyadov_op11_no1,lyadov_op11_no1,47,525,1047,47,,,47,,,0.9880767447044421,0.9527187150224008,70948.08098207618,864.9401676904891,70083.14081438568,0.9842890333374438,0.9367086750272583,39.76615055679314,0.6525279910586212,39.113622565734524,11,0.4749472801128102,0.0,-0.03708402592451354,0.028253437892096778,0.9435136216350827,0.947195745288161,1.0231804451464892,0.9265597291882113,0.9319672220255363,1.0149464186951036,0.13275347908851282,0.014262895437120152,,
mendelssohn_op38_no3,mendelssohn_op38_no3,21,1225,1731,18,,3.0,18,,3.0,0.9586128576689081,0.9036557010272905,109159.19834478573,4750.405200633733,104408.793144152,0.8869548584894311,0.7336685355304506,61.88115687407888,7.514423809793351,54.36673306428553,2,0.2369183692223244,0.0,-0.019073429198942504,0.06615495799954985,,,,,,,,,,
mendelssohn_op38_no4,mendelssohn_op38_no4,23,318,767,20,,3.0,20,,3.0,0.9561265606809166,0.8882720065868991,16696.817752411855,769.5393479665595,15927.278404445295,0.9519650819321329,0.877121870515317,9.234189073743842,0.46861382416339104,8.76557524958045,1,0.18211367585081853,0.0,-0.05858144584196512,-0.029257977945512437,,,,,,,,,,
mendelssohn_op53_no1,mendelssohn_op53_no1,34,752,1220,29,1.0,4.0,29,1.0,4.0,0.974991353263176,0.9135560120149847,49462.69138910594,1377.171522290514,48085.519866815426,0.9806666616625529,0.9359579242214766,31.58873898107224,0.6681308296199859,30.920608151452253,7,0.47488515863473424,0.0,-0.042534391798918936,0.08285489399692914,,,,,,,,,,
mendelssohn_op53_no2,mendelssohn_op53_no2,42,817,1782,39,1.0,2.0,39,1.0,2.0,0.9883179126213535,0.9560060885246565,110208.64145140037,1364.4575118793418,108844.18393952103,0.9335113481806121,0.7565787083556323,32.74044305240288,2.2392873118715375,30.501155740531345,6,0.32911036096085544,0.0,-0.04720053586559958,0.031780308931004364,0.9471167927234759,0.9508291229270329,1.005710328363318,0.7343589498095663,0.7616817109341474,1.033026837636001,0.14719889683798318,0.009182696743706099,,
mendelssohn_op72_no2,mendelssohn_op72_no2,33,302,540,33,,,33,,,0.9750332869620123,0.9176708039520493,21745.32326489492,588.5593306690587,21156.763934225863,0.974227479350868,0.9163397537043432,10.398262793443596,0.2869887125048769,10.111274080938719,4,0.3878262860114148,0.0,-0.05277551163865968,0.011824206287181949,,,,,,,,,,
merikanto_op33,merikanto_op33,37,398,890,36,,,36,,,0.9799940111557124,0.9331687455365084,30531.443474663858,617.1847679482053,29914.258706715653,0.985196782369703,0.9460003267321341,20.167279323634098,0.3299165979335771,19.837362725700523,7,0.4955636690913666,0.0,-0.0407146659727069,0.12461732471608167,0.9219760250626571,0.9286111474401961,1.0005243769008556,0.939144096083903,0.9444046968853718,1.0057850433895776,0.29107709715186,0.018956641220141207,1.0,1.0
mozart_k1,mozart_k1,25,305,662,24,,,24,,,0.8974179365637743,0.7175208113755506,6629.102278631973,744.7908456660618,5884.311432965911,0.9578099403414103,0.8824713911400208,7.719182739052487,0.37133868336051323,7.347844055691974,5,0.49576967561891233,0.0,-0.04371319390967243,0.010684847256532626,,,,,,,,,1.0,1.0
mozart_k3,mozart_k3,33,139,231,32,,,32,,,0.9352154557374943,0.8000813612657101,4562.149348357433,307.9364787999282,4254.212869557505,0.9849435824256554,0.950064285878674,6.513179879931977,0.12101134572422988,6.392168534207747,3,0.30543050005226297,0.0,-0.08106878797462347,0.007671915401813223,,,,,,,,,1.0,1.0
"pianocore:Bach,_Carl_Philipp_Emanuel/4_Pieces_for_Anna_Magdalena_Bach,_H.1/1._March_(D_major,_BWV_Anh.122)","pianocore:Bach,_Carl_Philipp_Emanuel/4_Pieces_for_Anna_Magdalena_Bach,_H.1/1._March_(D_major,_BWV_Anh.122)",43,291,434,43,,,43,,,0.9170856864407108,0.6819900084840376,4265.528539097133,371.6789978480531,3893.84954124908,0.8877231146130701,0.5991071547940379,1.2478448951364731,0.14434180118964157,1.1035030939468315,0,0.0,,,,0.617986939753607,0.702396414696057,1.050189832121219,0.5499734193255307,0.6468334679203335,1.04150787081235,,,,
"pianocore:Bach,_Carl_Philipp_Emanuel/4_Pieces_for_Anna_Magdalena_Bach,_H.1/3._March_(G_major,_BWV_Anh.124)","pianocore:Bach,_Carl_Philipp_Emanuel/4_Pieces_for_Anna_Magdalena_Bach,_H.1/3._March_(G_major,_BWV_Anh.124)",26,311,500,26,,,26,,,0.8793348022896772,0.6602133363879431,4436.521425621575,575.2861708389096,3861.2352547826654,0.941312221126916,0.8161963819428837,0.846798417769881,0.05995247510020627,0.7868459426696747,5,0.459901943212903,0.0,-0.12236581256588641,0.0031304804229981276,,,,,,,,,,
"pianocore:Bach,_Carl_Philipp_Emanuel/Keyboard_Sonata_in_B_minor,_H.245","pianocore:Bach,_Carl_Philipp_Emanuel/Keyboard_Sonata_in_B_minor,_H.245",19,420,727,19,,,19,,,0.9534600655956652,0.8909315718162174,39373.68863433662,1997.3965710084433,37376.292063328176,0.9669847383329988,0.9258976668397265,41.8716259674471,1.5152431639437247,40.35638280350338,3,0.42084959933755783,0.0,-0.09056126847865031,0.08832345153586019,,,,,,,,,,
"pianocore:Bach,_Carl_Philipp_Emanuel/March_in_E_flat_major,_H_deest","pianocore:Bach,_Carl_Philipp_Emanuel/March_in_E_flat_major,_H_deest",22,425,716,20,,,20,,,0.9187353258460657,0.7892284296023533,9856.551692287389,874.8388529067865,8981.712839380602,0.9465201832454683,0.8281013381179351,3.290970764642056,0.23823211979896516,3.052738644843091,2,0.2983062234338702,0.0,-0.06466328955565737,0.14569912225758908,,,,,,,,,2.0,2.0
"pianocore:Bach,_Johann_Sebastian/Notebook_for_Anna_Magdalena_Bach,_Book_2,_BWV_Anh.113-132/10._Polonaise_in_G_minor,_BWV_Anh.119","pianocore:Bach,_Johann_Sebastian/Notebook_for_Anna_Magdalena_Bach,_Book_2,_BWV_Anh.113-132/10._Polonaise_in_G_minor,_BWV_Anh.119",49,203,296,49,,,49,,,0.9111697315491192,0.6181123862442283,2634.507528035605,249.40275305249372,2385.1047749831114,0.9570160341651166,0.8075501332505096,0.9530628945653769,0.04558649267606377,0.9074764018893131,8,0.49559245801052676,0.0,-0.10260218296122536,0.07133425937878335,0.5750175668365594,0.6684966340797255,1.09305387178027,0.8083819366426518,0.8392797271521459,1.0357313616344415,0.2673374955351238,0.03687612485637265,,
"pianocore:Bach,_Johann_Sebastian/Notebook_for_Anna_Magdalena_Bach,_Book_2,_BWV_Anh.113-132/15._Minuet_in_C_minor,_BWV_Anh.121","pianocore:Bach,_Johann_Sebastian/Notebook_for_Anna_Magdalena_Bach,_Book_2,_BWV_Anh.113-132/15._Minuet_in_C_minor,_BWV_Anh.121",26,185,298,26,,,26,,,0.9073466462899699,0.7273928038699338,4571.604253297559,475.15729745243686,4096.446955845122,0.9475686832327401,0.8408805789093797,1.0779181360624963,0.06548199192538354,1.0124361441371128,4,0.4689759077779899,0.0,-0.13345049278535948,0.05525075107988897,,,,,,,,,,
"pianocore:Bartók,_Béla/Romanian_Folk_Dances,_Sz.56/3._Pe_loc","pianocore:Bartók,_Béla/Romanian_Folk_Dances,_Sz.56/3._Pe_loc",23,188,276,23,,,23,,,0.9694139163615384,0.9111524169695036,20573.990753389535,753.1090315570661,19820.88172183247,0.9829171091364147,0.9516352663218725,17.397012247932636,0.3487421936106949,17.048270054321943,5,0.5402456758481096,0.0,-0.060529595503518774,-0.07124733514807846,,,,,,,,,,
"pianocore:Boulanger,_Lili/3_Morceaux/1._D’un_Vieux_Jardin._Expressif_(C_sharp_minor)","pianocore:Boulanger,_Lili/3_Morceaux/1._D’un_Vieux_Jardin._Expressif_(C_sharp_minor)",26,228,580,26,,,26,,,0.9871453802696302,0.9634331713604654,45474.94962988329,641.3121671255789,44833.63746275771,0.9578014260207656,0.8943976640681156,26.94598130377284,1.167479605431363,25.778501698341476,3,0.32543557791898037,0.0,-0.08133867475243917,-0.08856336946610699,,,,,,,,,,
"pianocore:Boulanger,_Lili/3_Morceaux/3._Cortège._Pas_vite_(B_major)","pianocore:Boulanger,_Lili/3_Morceaux/3._Cortège._Pas_vite_(B_major)",20,585,909,20,,,20,,,0.9622645857875721,0.9136868724355055,57698.331343854254,2243.0244693604855,55455.30687449377,0.9440087037741736,0.8775734369753162,27.152778218231674,1.5613768736032285,25.591401344628444,2,0.21598036353783942,0.0,-0.04333704013574868,-0.019456174495702694,,,,,,,,,,
"pianocore:Debussy,_Claude/2_Arabesques","pianocore:Debussy,_Claude/2_Arabesques",32,1953,3000,31,,,31,,,0.9694189418943131,0.8994657345408487,158228.73513937436,5347.81454634046,152880.9205930339,0.9629046376125595,0.8816397041110455,103.74365615608464,4.154808069976312,99.58884808610833,4,0.33271421314026617,0.0,-0.1673871059206964,0.04372747105267849,,,,,,,,,1.0,1.0
"pianocore:Elgar,_Edward/Variations_on_an_Original_Theme_'Enigma',_Op.36/Variation_IX._Adagio_""Nimrod""","pianocore:Elgar,_Edward/Variations_on_an_Original_Theme_'Enigma',_Op.36/Variation_IX._Adagio_""Nimrod""",19,184,660,19,,,19,,,0.9836628685186083,0.9530325340795226,36004.76367923986,789.7316712263162,35215.03200801355,0.9365616433530246,0.849946052874782,23.671752216618,1.676005660850426,21.995746555767575,1,0.23116944103541753,0.0,-0.23328500718432066,0.15196921993714174,,,,,,,,,,
"pianocore:Field,_John/Nocturne_No.1_in_E_flat_major,_H_24","pianocore:Field,_John/Nocturne_No.1_in_E_flat_major,_H_24",34,823,1158,34,,,34,,,0.9701464421149772,0.9040219551741677,49287.43167048287,1531.3368363299917,47756.09483415288,0.9731517603670292,0.9089277055958254,29.812733823893694,0.8923027881045428,28.92043103578915,5,0.38507688237562243,0.0,-0.11771639746205764,0.09725039237847166,,,,,,,,,,
"pianocore:Glinka,_Mikhail/Nocturne_in_E_flat_major","pianocore:Glinka,_Mikhail/Nocturne_in_E_flat_major",42,1096,1491,41,,,41,,,0.9746836237650888,0.9018622875034642,80835.62212405185,2245.202102942744,78590.42002110911,0.9693406114271486,0.8845081599995145,61.74418156482524,2.056037035854665,59.688144528970575,6,0.36444660860008127,0.0,-0.038150747707900834,0.03820341283368933,0.8847123049329934,0.899188787524249,1.0315585050174556,0.855642494826645,0.8753097709760663,1.0452240968556827,0.16911500154239176,0.006817837361272739,1.0,1.0
"pianocore:Gossec,_François_Joseph/Gavotte_in_D_major_pour_Mlle_Laure","pianocore:Gossec,_François_Joseph/Gavotte_in_D_major_pour_Mlle_Laure",25,485,1038,25,,,25,,,0.9448242136065886,0.838772444798761,20436.363274513064,1296.45681260126,19139.906461911803,0.9738111775977402,0.9184765490152828,20.251587146982878,0.6579392295602146,19.593647917422665,7,0.6692451496554398,0.0,-0.08698538624571328,0.19725950215608634,,,,,,,,,,
"pianocore:Handel,_George_Frideric/Gavotte_in_G_major,_HWV_491","pianocore:Handel,_George_Frideric/Gavotte_in_G_major,_HWV_491",24,237,372,24,,,24,,,0.9047279147119187,0.7258488598658348,5510.06307011539,604.3823328527485,4905.680737262641,0.9546402692435667,0.8587525040009061,0.9643077328795289,0.054517565311009236,0.9097901675685196,3,0.41812868071216763,0.0,-0.08709558149170071,0.14344052997812462,,,,,,,,,,
"pianocore:Haydn,_Joseph/12_Minuets,_Hob.IX:8/12._Minuet_in_F_major","pianocore:Haydn,_Joseph/12_Minuets,_Hob.IX:8/12._Minuet_in_F_major",29,191,406,29,,,29,,,0.9727942855284052,0.9138366298283902,14514.436229065424,446.4812128047266,14067.955016260697,0.9435092342297334,0.8301679566669609,1.6430739524627465,0.10212517373140217,1.5409487787313443,0,0.0,,,,,,,,,,,,,
"pianocore:Haydn,_Joseph/Flötenuhr_in_C_major,_Hob.XIX:8","pianocore:Haydn,_Joseph/Flötenuhr_in_C_major,_Hob.XIX:8",21,1231,1762,21,,,21,,,0.9286715885999832,0.8409710065384093,70820.63587989486,4978.060960806371,65842.5749190885,0.9720782842673684,0.9349369609616478,81.11740206213831,2.3296066844822265,78.78779537765608,2,0.2646152975636225,0.0,-0.11310967349497991,-0.014713147661637116,,,,,,,,,,
"pianocore:Rameau,_Jean-Philippe/Suite_in_E_minor,_RCT_2/8._Tambourin","pianocore:Rameau,_Jean-Philippe/Suite_in_E_minor,_RCT_2",30,326,567,30,,,30,,,0.9209964492849706,0.7626948625867321,11806.006480622073,981.346748180172,10824.6597324419,0.875738604989417,0.5912952773384837,3.6262867021106975,0.5201829036374837,3.106103798473214,3,0.31371901390479445,0.0,-0.09943127104977711,0.02831533045398349,,,,,,,,,,
"pianocore:Ravel,_Maurice/Le_Tombeau_de_Couperin,_M.68","pianocore:Ravel,_Maurice/Le_Tombeau_de_Couperin,_M.68",17,2037,3001,17,,,17,,,0.9572187124901635,0.9111584644346122,161732.95556797553,7047.960762902699,154684.99480507284,0.9656240833742112,0.9276371341399785,200.56636653423703,7.209459324817866,193.35690720941918,5,0.4773437002668941,0.0,-0.075800196446971,0.013481015950648434,,,,,,,,,,
prokofiev_op22_no1,prokofiev_op22_no1,40,81,232,34,,6.0,34,,6.0,0.9792789155121383,0.9262520658440768,4368.51473578898,92.41460573158686,4276.1001300573935,0.9827154320354965,0.9264952238123491,1.9024957170454795,0.04024423085894315,1.8622514861865362,0,0.0,,,,0.9035524304209384,0.9145785344255799,1.0089979140185892,0.9258727696266668,0.9379390972316284,1.000679934435832,,,,
prokofiev_op22_no11,prokofiev_op22_no11,27,234,450,17,5.0,5.0,17,5.0,5.0,0.9635407377942705,0.8938095018390443,15719.559312713807,631.5516844770675,15088.007628236739,0.9573570909813421,0.8705735915880829,10.22652710080947,0.4995450117088142,9.726982089100655,5,0.46031673959856345,0.0,-0.10035757033502013,0.06834011788700378,,,,,,,,,,
prokofiev_op22_no14,prokofiev_op22_no14,19,367,1042,14,2.0,3.0,14,2.0,3.0,0.9639655740953591,0.9164002783076627,35255.4930523372,1372.5155888843265,33882.97746345287,0.859472598817863,0.7020462050925831,11.55042719593185,1.6947601153838607,9.855667080547988,2,0.28623294237958213,0.0,-0.04465228603912941,-0.007993813215931622,,,,,,,,,,
prokofiev_op22_no16,prokofiev_op22_no16,25,180,304,20,,5.0,20,,5.0,0.9771306618459357,0.930323982799123,20049.26792040022,548.5634015460126,19500.704518854207,0.9777126351455615,0.934594209093648,12.230328696277525,0.31442319839237226,11.915905497885152,3,0.41887477646991583,0.0,-0.10866862372045749,0.09103161158681328,,,,,,,,,,
prokofiev_op22_no17,prokofiev_op22_no17,23,270,454,18,,5.0,18,,5.0,0.937214728311234,0.8535102246031663,12141.88394453782,737.0729486542855,11404.810995883534,0.8935899169610771,0.7380223285291219,3.1442827458653992,0.34339070162823393,2.800892044237165,4,0.45695565587660186,0.0,-0.15519722479267606,-0.02875825875001925,,,,,,,,,,
prokofiev_op22_no18,prokofiev_op22_no18,28,185,337,19,2.0,7.0,19,2.0,7.0,0.9627018637834478,0.8937991883119959,11515.57723130368,448.64686327561105,11066.930368028068,0.9733928926229226,0.9174583374968289,7.839256213610347,0.23872911739553349,7.6005270962148135,3,0.32274925310301006,0.0,-0.14322775775947982,-0.024362217323188107,,,,,,,,,,
prokofiev_op22_no20,prokofiev_op22_no20,19,237,476,16,,3.0,16,,3.0,0.9639743566844023,0.9180260774914626,23867.038474052708,910.6175387864364,22956.420935266273,0.9376275567007423,0.8725815184471241,22.955151921901056,1.4072558594971771,21.54789606240388,1,0.17099894454157694,0.0,-0.09780036171532869,0.0219760778782796,,,,,,,,,,
prokofiev_op22_no7,prokofiev_op22_no7,24,205,522,19,,5.0,19,,5.0,0.9769586639378832,0.9370593179077781,19603.764437445367,497.7130591326693,19106.0513783127,0.9702821092011696,0.9190719790034324,9.867929600175827,0.3244139677059797,9.543515632469848,5,0.46550847235204684,0.0,-0.08614347754479357,-0.0243012684893269,,,,,,,,,,
prokofiev_op22_no8,prokofiev_op22_no8,46,234,387,36,3.0,7.0,36,3.0,7.0,0.9683280379488117,0.8777911782266639,8698.345867975162,276.3192492791485,8422.026618696014,0.9913603319647502,0.9635766621523586,14.695345015389519,0.13944291278299978,14.555902102606519,4,0.28782284911152967,0.0,-0.0991284198995741,0.026850055053972643,0.8715678288791187,0.8869161691594643,1.0295042455079464,0.9606969025908301,0.9655409536503774,1.0117595491048894,0.3019889255345425,0.031884657600998324,,
scarlatti_k213,scarlatti_k213,42,727,1065,42,,,42,,,0.9608889815966595,0.8533764839943166,42133.60321787682,1729.3756621063567,40404.22755577046,0.9647235564043956,0.885883363113358,28.35778328396693,1.0243515585523795,27.333431725414552,8,0.43566479399780156,0.0,-0.04819907022962222,0.014465412791612287,0.8239035277741387,0.8405094593586371,1.0302801786518156,0.8400679383038657,0.8500373313195467,1.0121955810501293,0.2027802933861283,0.010215500485353721,,
scarlatti_k322,scarlatti_k322,28,827,1079,25,3.0,,25,3.0,,0.957347447058642,0.8799031305859641,49972.54822661058,2199.3921630342393,47773.156063576345,0.9579441319032569,0.876271835384751,23.24947630177664,1.07014749919653,22.17932880258011,6,0.56337021865813,0.0,-0.024663322674322252,0.1647949367652224,,,,,,,,,,
scarlatti_k54,scarlatti_k54,22,1325,2348,21,,,21,,,0.9047894091349494,0.7603169073771867,51136.527614014696,5173.369164431702,45963.158449582996,0.9237023047559415,0.8050125067103877,18.48204838584618,1.5208391731976896,16.96120921264849,6,0.48817717716405684,0.0,-0.04910978211056327,0.04185545700404425,,,,,,,,,1.0,1.0
scarlatti_k87,scarlatti_k87,42,835,1692,41,,,41,,,0.9678925897947184,0.8781862783360482,45379.170516943595,1532.9174099776783,43846.253106965916,0.975889705771163,0.9037515602706727,12.238107395937693,0.3283573090932898,11.909750086844403,5,0.31918071955589533,0.0,-0.10051237327352736,0.0007862594577248139,0.863164047003864,0.8755810356654632,1.0158271762315951,0.8855579040018717,0.9026673607388602,1.024881960606806,0.1872851374072242,0.00889447731080323,1.0,1.0
schumann_op133_no1,schumann_op133_no1,41,129,478,37,1.0,3.0,37,1.0,3.0,0.988369817776907,0.9550823341630851,15705.311378583365,199.03826207475907,15506.273116508606,0.9819642009945608,0.9298984137668083,3.3931662994560092,0.06813434169694951,3.3250319577590597,0,0.0,,,,0.9463006142309374,0.9519780939150365,1.0063410975597196,0.9181824728390249,0.9229378135765647,0.9877336874494697,,,,
schumann_op68_no14,schumann_op68_no14,28,377,380,27,,1.0,27,,1.0,0.9440316825370935,0.8206718052830682,11687.656628112041,766.0474223202316,10921.60920579181,0.9483639858492127,0.8292894512020977,4.0112420380382385,0.25061254216955653,3.760629495868682,2,0.28686407162112926,0.0,-0.06940907277529318,0.15033555372993013,,,,,,,,,,
turina_op55_no5,turina_op55_no5,30,537,1273,30,,,30,,,0.9698130802999566,0.9021311269247483,40584.756107980735,1392.6724798073824,39192.08362817335,0.9306851737808305,0.779025452718638,11.890573920520271,0.9263520631971223,10.96422185732315,3,0.30578046522888025,0.0,-0.049600091202608,0.06330258803950017,,,,,,,,,,
