piece_id,ngrams,hits,top_held_piece,top_held_hits
"pianocore:Ravel,_Maurice/Le_Tombeau_de_Couperin,_M.68",1011,653,"pianocore:Ravel,_Maurice/Le_Tombeau_de_Couperin,_M.68/1._Prelude",653
"pianocore:Debussy,_Claude/2_Arabesques",1189,628,"pianocore:Debussy,_Claude/2_Arabesques/1._Andantino_con_moto_(E_major)",628
"pianocore:Bartók,_Béla/Romanian_Folk_Dances,_Sz.56/3._Pe_loc",151,114,"pianocore:Bartók,_Béla/Romanian_Folk_Dances,_Sz.56",114
"pianocore:Boulanger,_Lili/3_Morceaux/3._Cortège._Pas_vite_(B_major)",509,4,chopin_op28_no16,3
bach_bwv913,1489,3,bach_bwv903,3
chaminade_op61,634,3,beethoven_woo59,3
kuhlau_op55_no1,835,3,"pianocore:Liszt,_Franz/Hungarian_Rhapsody_No.10_in_E_major,_S.244",3
bach_bwv912,1464,2,bach_bwv828_mv1,2
bach_bwv910,1489,1,debussy_l136_no6,1
"pianocore:Field,_John/Nocturne_No.1_in_E_flat_major,_H_24",792,0,,0
prokofiev_op22_no11,207,0,,0
"pianocore:Elgar,_Edward/Variations_on_an_Original_Theme_'Enigma',_Op.36/Variation_IX._Adagio_""Nimrod""",164,0,,0
"pianocore:Gossec,_François_Joseph/Gavotte_in_D_major_pour_Mlle_Laure",262,0,,0
"pianocore:Handel,_George_Frideric/Gavotte_in_G_major,_HWV_491",127,0,,0
"pianocore:Haydn,_Joseph/12_Minuets,_Hob.IX:8/12._Minuet_in_F_major",74,0,,0
"pianocore:Haydn,_Joseph/Flötenuhr_in_C_major,_Hob.XIX:8",630,0,,0
"pianocore:Rameau,_Jean-Philippe/Suite_in_E_minor,_RCT_2/8._Tambourin",236,0,,0
"pianocore:Boulanger,_Lili/3_Morceaux/1._D’un_Vieux_Jardin._Expressif_(C_sharp_minor)",221,0,,0
prokofiev_op22_no1,71,0,,0
"pianocore:Glinka,_Mikhail/Nocturne_in_E_flat_major",935,0,,0
bach_bwv852_fugue,567,0,,0
prokofiev_op22_no14,339,0,,0
"pianocore:Bach,_Johann_Sebastian/Notebook_for_Anna_Magdalena_Bach,_Book_2,_BWV_Anh.113-132/15._Minuet_in_C_minor,_BWV_Anh.121",104,0,,0
prokofiev_op22_no17,244,0,,0
prokofiev_op22_no18,180,0,,0
prokofiev_op22_no20,229,0,,0
prokofiev_op22_no7,194,0,,0
prokofiev_op22_no8,224,0,,0
scarlatti_k213,647,0,,0
scarlatti_k322,424,0,,0
scarlatti_k54,597,0,,0
scarlatti_k87,429,0,,0
schumann_op133_no1,119,0,,0
schumann_op68_no14,262,0,,0
prokofiev_op22_no16,159,0,,0
"pianocore:Bach,_Carl_Philipp_Emanuel/Keyboard_Sonata_in_B_minor,_H.245",395,0,,0
"pianocore:Bach,_Johann_Sebastian/Notebook_for_Anna_Magdalena_Bach,_Book_2,_BWV_Anh.113-132/10._Polonaise_in_G_minor,_BWV_Anh.119",113,0,,0
grieg_op54_no2,486,0,,0
bach_bwv859_fugue,469,0,,0
bach_bwv861_fugue,392,0,,0
bach_bwv861_prelude,526,0,,0
bach_bwv882_prelude,991,0,,0
bach_bwv915,1455,0,,0
bach_bwv916,1432,0,,0
chopin_op33_no3,164,0,,0
chopin_op67_no1,222,0,,0
chopin_op6_no3,304,0,,0
clementi_op36_no2,830,0,,0
clementi_op36_no3,1091,0,,0
duvernoy_op176_no18,193,0,,0
liszt_s207,251,0,,0
"pianocore:Bach,_Carl_Philipp_Emanuel/March_in_E_flat_major,_H_deest",224,0,,0
lyadov_op11_no1,505,0,,0
mendelssohn_op38_no3,1050,0,,0
mendelssohn_op38_no4,251,0,,0
mendelssohn_op53_no1,614,0,,0
mendelssohn_op53_no2,658,0,,0
mendelssohn_op72_no2,293,0,,0
merikanto_op33,187,0,,0
mozart_k1,171,0,,0
mozart_k3,92,0,,0
"pianocore:Bach,_Carl_Philipp_Emanuel/4_Pieces_for_Anna_Magdalena_Bach,_H.1/1._March_(D_major,_BWV_Anh.122)",159,0,,0
"pianocore:Bach,_Carl_Philipp_Emanuel/4_Pieces_for_Anna_Magdalena_Bach,_H.1/3._March_(G_major,_BWV_Anh.124)",168,0,,0
bach_bwv852_prelude,942,0,,0
turina_op55_no5,420,0,,0
