piece_id,aliases
bach_bwv849_fugue,bach_bwv849;bach_bwv849_prelude
bach_bwv849_prelude,bach_bwv849;bach_bwv849_fugue
bach_bwv851_fugue,bach_bwv851;bach_bwv851_prelude
bach_bwv851_prelude,bach_bwv851;bach_bwv851_fugue
bach_bwv853_fugue,bach_bwv853;bach_bwv853_prelude
bach_bwv853_prelude,bach_bwv853;bach_bwv853_fugue
bach_bwv872,bach_bwv872_fugue;bach_bwv872_prelude
bach_bwv872_fugue,bach_bwv872;bach_bwv872_prelude
bach_bwv872_prelude,bach_bwv872;bach_bwv872_fugue
clementi_op36_no1,"clementi_op36_no1_mv3;pianocore:Clementi,_Muzio/Piano_Sonatina_in_C_major,_Op.36,_No.1/1._Spiritoso"
haydn_hobxvi34_mv1,haydn_hobxvi34;haydn_hobxvi34_mv2
kuhlau_op20_no1_mv1,kuhlau_op20_no1;kuhlau_op20_no1_mv2
"pianocore:Prokofiev,_Sergey/Visions_Fugitives,_Op.22/3,_Allegretto",prokofiev_op22_no10
schumann_op82,schumann_op82_no1;schumann_op82_no2;schumann_op82_no3;schumann_op82_no4;schumann_op82_no5;schumann_op82_no6;schumann_op82_no7;schumann_op82_no8;schumann_op82_no9
scriabin_op19,scriabin_op19_mv1;scriabin_op19_mv2
