piece_id,work,n_majority
bach_bwv825_mv1,bach_bwv825,89
bach_bwv856,bach_bwv856,58
bach_bwv857,bach_bwv857,96
bach_bwv862,bach_bwv862,115
mozart_k545,mozart_k545,74
bach_bwv813,bach_bwv813,37
bach_bwv814,bach_bwv814,26
bach_bwv826,bach_bwv826,44
bach_bwv850_fugue,bach_bwv850,44
bach_bwv850_prelude,bach_bwv850,43
bach_bwv855_fugue,bach_bwv855,26
bach_bwv871_prelude,bach_bwv871,52
bach_bwv873,bach_bwv873,44
bach_bwv890_fugue,bach_bwv890,20
bach_bwv869_fugue,bach_bwv869,32
bach_bwv869_prelude,bach_bwv869,24
