piece_id,dropped_performance_id,dropped_capture_model,kept_performance_id,kept_capture_model,r_log_ioi,r_velocity,r_max
bach_bwv852_prelude,PERiScoPe_106708186,Transkun V2,ATEPP_02682,ATEPP,0.9970002391369549,0.8588374469467953,0.9970002391369549
bach_bwv859_fugue,PERiScoPe_106706138,Transkun V2,ATEPP_02552,ATEPP,0.9966811390209352,0.8434101605229192,0.9966811390209352
bach_bwv859_fugue,Aria_346318_0,Aria-AMT,Aria_191119_0,Aria-AMT,0.753971203288092,0.9337097457170573,0.9337097457170573
bach_bwv910,Aria_792976_0,Aria-AMT,Aria_256978_0,Aria-AMT,0.9365551346889025,0.850214853671446,0.9365551346889025
bach_bwv910,Aria_800723_0,Aria-AMT,Aria_256978_0,Aria-AMT,0.9597725262791237,0.9448521567134287,0.9597725262791237
bach_bwv912,ATEPP_10605,ATEPP,ATEPP_10604,ATEPP,0.944553515614988,0.9370348363182366,0.944553515614988
bach_bwv912,Aria_664690_0,Aria-AMT,Aria_566240_0,Aria-AMT,0.8877621561283765,0.9626677074741067,0.9626677074741067
bach_bwv912,PERiScoPe_6290537,Transkun V2,Aria_749862_0,Aria-AMT,0.9680978507820338,0.9299316276102695,0.9680978507820338
bach_bwv913,ATEPP_10582,ATEPP,ATEPP_10581,ATEPP,0.9742724766752124,0.7344007075752378,0.9742724766752124
bach_bwv913,Aria_171424_0,Aria-AMT,ATEPP_10581,ATEPP,0.9809310697746995,0.7370279227065382,0.9809310697746995
bach_bwv913,ATEPP_10584,ATEPP,ATEPP_10583,ATEPP,0.9708981573152627,0.9416398311471955,0.9708981573152627
bach_bwv916,Aria_856824_0,Aria-AMT,Aria_049628_0,Aria-AMT,0.9121310478592644,0.9322191225633196,0.9322191225633196
"pianocore:Field,_John/Nocturne_No.1_in_E_flat_major,_H_24",Aria_251164_0,Aria-AMT,Aria_043770_0,Aria-AMT,0.9642840632587683,0.8206017294927157,0.9642840632587683
"pianocore:Gossec,_François_Joseph/Gavotte_in_D_major_pour_Mlle_Laure",Aria_353121_0,Aria-AMT,Aria_008245_0,Aria-AMT,0.9444797288422362,0.7664636701858201,0.9444797288422362
"pianocore:Gossec,_François_Joseph/Gavotte_in_D_major_pour_Mlle_Laure",Aria_054528_0,Aria-AMT,Aria_015681_0,Aria-AMT,0.9330183264136537,0.7992821148406635,0.9330183264136537
"pianocore:Gossec,_François_Joseph/Gavotte_in_D_major_pour_Mlle_Laure",Aria_708706_0,Aria-AMT,Aria_364094_0,Aria-AMT,0.96639618987598,0.8224452273793295,0.96639618987598
"pianocore:Rameau,_Jean-Philippe/Suite_in_E_minor,_RCT_2/8._Tambourin",Aria_667346_0,Aria-AMT,Aria_073409_0,Aria-AMT,0.9002669404869695,0.8182496436857204,0.9002669404869695
prokofiev_op22_no17,PERiScoPe_1087828732,Transkun V2,PERiScoPe_74114423,Transkun V2,0.9830813422780746,0.9711468423354165,0.9830813422780746
scarlatti_k213,Aria_231628_0_mini,Aria-AMT,Aria_139711_0_mini,Aria-AMT,0.9838404735584038,0.9790236226566342,0.9838404735584038
scarlatti_k322,Aria_383478_0,Aria-AMT,ATEPP_10841,ATEPP,0.9082468499331959,0.8657769651139395,0.9082468499331959
scarlatti_k322,Aria_404772_0,Aria-AMT,Aria_375510_0,Aria-AMT,0.9139170346867839,0.9495030090308143,0.9495030090308143
scarlatti_k322,Aria_599940_0,Aria-AMT,Aria_375510_0,Aria-AMT,0.909478857536117,0.9671836810781178,0.9671836810781178
scarlatti_k54,Aria_850070_0,Aria-AMT,Aria_405874_3,Aria-AMT,0.9123094868448924,0.9671818830797742,0.9671818830797742
schumann_op68_no14,PERiScoPe_2115286947_mini,Transkun V2,Aria_157490_0_mini,Aria-AMT,0.9677034709813861,0.3420134151417887,0.9677034709813861
turina_op55_no5,Aria_839769_0,Aria-AMT,Aria_736150_0,Aria-AMT,0.9006436640357949,0.9184521539969793,0.9184521539969793
