piece_id,ngrams,hits,top_held_piece,top_held_hits,r07_unseen,top_held_paired
bach_bwv862,967,765,bach_bwv862_fugue,423,True,True
bach_bwv857,1136,746,bach_bwv857_fugue,589,True,True
mozart_k545,933,737,mozart_k545_mv1,737,True,True
bach_bwv856,1061,733,bach_bwv856_prelude,442,True,True
mozart_k545_mv1,924,725,mozart_k545,725,False,False
haydn_hobxvi34,1417,620,haydn_hobxvi34_mv1,616,False,False
bach_bwv872,1071,618,bach_bwv872_fugue,347,True,False
haydn_hobxvi34_mv1,943,616,haydn_hobxvi34,616,True,False
bach_bwv857_fugue,758,589,bach_bwv857,589,False,False
mozart_k545_mv2,578,451,mozart_k545,451,False,False
bach_bwv856_prelude,596,442,bach_bwv856,442,False,False
bach_bwv862_fugue,519,423,bach_bwv862,423,False,False
bach_bwv872_fugue,529,347,bach_bwv872,347,False,False
bach_bwv862_prelude,431,342,bach_bwv862,342,False,False
mozart_k545_mv3,374,311,mozart_k545,311,False,False
bach_bwv856_fugue,454,291,bach_bwv856,291,False,False
bach_bwv872_prelude,515,271,bach_bwv872,271,False,False
clementi_op36_no1,685,252,"pianocore:Clementi,_Muzio/Piano_Sonatina_in_C_major,_Op.36,_No.1/1._Spiritoso",252,True,True
"pianocore:Bartók,_Béla/Romanian_Folk_Dances,_Sz.56",1041,168,"pianocore:Bartók,_Béla/Romanian_Folk_Dances,_Sz.56/1._Jocul_cu_bâtă",125,True,True
bach_bwv857_prelude,370,157,bach_bwv857,157,False,False
kuhlau_op20_no1_mv1,594,6,czerny_op740_no1,4,True,True
mozart_k494,1285,5,mozart_k333_mv3,4,True,True
bach_bwv853_prelude,472,4,beethoven_op31_no2_mv3,2,True,True
chopin_op22,1373,1,liszt_s558_no4,1,True,True
mendelssohn_op53_no3,1026,0,,0,True,False
albeniz_op71_no6,486,0,,0,True,False
mendelssohn_op38_no6,889,0,,0,True,False
mendelssohn_op38_no2,469,0,,0,True,False
mendelssohn_op30_no6,275,0,,0,True,False
mendelssohn_op30_no3,145,0,,0,True,False
mendelssohn_op19_no4,202,0,,0,True,False
mendelssohn_op19_no2,499,0,,0,True,False
mendelssohn_op14,1334,0,,0,True,False
"pianocore:Bach,_Johann_Sebastian/Notebook_for_Anna_Magdalena_Bach,_Book_2,_BWV_Anh.113-132/36._Minuet_in_D_minor,_BWV_Anh.132",100,0,,0,True,False
"pianocore:Mascagni,_Pietro/Cavalleria_rusticana",225,0,,0,True,False
"pianocore:Chopin,_Frédéric/Largo_in_E_flat_major,_B.109",75,0,,0,True,False
"pianocore:Chopin,_Frédéric/Nocturnes,_Op.15/Nocturne_No.6_in_G_minor,_Lento",332,0,,0,True,False
tchaikovsky_op37a_no9,513,0,,0,True,False
tchaikovsky_op37a_no11,716,0,,0,True,False
scriabin_op19,1482,0,,0,True,False
schubert_d817,589,0,,0,True,False
scarlatti_k9,403,0,,0,True,False
scarlatti_k380,516,0,,0,True,False
scarlatti_k32,106,0,,0,True,False
scarlatti_k141,924,0,,0,True,False
scarlatti_k1,459,0,,0,True,False
"pianocore:Satie,_Erik/Je_te_veux",431,0,,0,True,False
"pianocore:Pieczonka,_Albert/Danses_de_salon/1._Tarantelle",635,0,,0,True,False
liszt_s254,1314,0,,0,True,False
"pianocore:Glinka,_Mikhail/La_séparation",501,0,,0,True,False
"pianocore:Chopin,_Frédéric/Waltzes,_Op.70/Waltz_No.13_in_D_flat_major,_Moderato",270,0,,0,True,False
"pianocore:Chopin,_Frédéric/Waltzes,_Op.70/Waltz_No.11_in_G_flat_major,_Molto_vivace",214,0,,0,True,False
"pianocore:Chopin,_Frédéric/Waltzes,_Op.64/Waltz_No.8_in_A_flat_major,_Moderato",710,0,,0,True,False
"pianocore:Chopin,_Frédéric/Waltzes,_Op.34/Waltz_No.2_in_A_flat_major,_""Valse_brillante"",_Vivace",1073,0,,0,True,False
liszt_s434,1115,0,,0,True,False
chopin_op7_no3,374,0,,0,True,False
liszt_s169,556,0,,0,True,False
kuhlau_op20_no1_mv2,108,0,,0,False,False
chopin_op24_no4,600,0,,0,True,False
chopin_op24_no3,165,0,,0,True,False
chopin_op24_no2,347,0,,0,True,False
chopin_op24_no1,264,0,,0,True,False
chopin_op17_no4,482,0,,0,True,False
chopin_op17_no2,250,0,,0,True,False
chopin_op12,1452,0,,0,True,False
berg_op1,1053,0,,0,True,False
bach_bwv911,1489,0,,0,True,False
bach_bwv853_fugue,720,0,,0,False,False
bach_bwv851_prelude,578,0,,0,True,False
bach_bwv851_fugue,589,0,,0,False,False
bach_bwv849_prelude,481,0,,0,True,False
bach_bwv849_fugue,698,0,,0,True,False
bach_bwv825_mv5,238,0,,0,False,False
chopin_op29,737,0,,0,True,False
chopin_op30_no2,178,0,,0,True,False
chopin_op33_no1,144,0,,0,True,False
chopin_op68_no3,145,0,,0,True,False
grieg_op54_no4,530,0,,0,True,False
grieg_op43_no6,534,0,,0,True,False
bach_bwv825_mv1,405,0,,0,True,False
chopin_op7_no1,173,0,,0,True,False
chopin_op6_no2,253,0,,0,True,False
chopin_op6_no1,270,0,,0,True,False
chopin_op68_no2,207,0,,0,True,False
chopin_op41_no2,205,0,,0,True,False
chopin_op67_no3,118,0,,0,True,False
chopin_op67_no2,192,0,,0,True,False
chopin_op63_no3,337,0,,0,True,False
chopin_op63_no2,225,0,,0,True,False
chopin_op51,931,0,,0,True,False
chopin_op42,955,0,,0,True,False
tchaikovsky_op72_no5,676,0,,0,True,False
