piece_id,composition,sibling_paired,by_composition,by_opus,paired_siblings
bach_bwv852_prelude,"The_Well-Tempered_Clavier,_Book_I,_BWV_846-869",True,True,False,bach_bwv846_fugue;bach_bwv846_prelude;bach_bwv847;bach_bwv847_fugue;bach_bwv847_prelude;bach_bwv848_fugue;bach_bwv848_prelude;bach_bwv850;bach_bwv854;bach_bwv854_fugue;bach_bwv854_prelude;bach_bwv855_prelude;bach_bwv856_fugue;bach_bwv856_prelude;bach_bwv857_fugue;bach_bwv857_prelude;bach_bwv858_fugue;bach_bwv858_prelude;bach_bwv860_fugue;bach_bwv860_prelude;bach_bwv862_fugue;bach_bwv862_prelude;bach_bwv863_fugue;bach_bwv863_prelude;bach_bwv864_fugue;bach_bwv864_prelude;bach_bwv865_fugue;bach_bwv
schumann_op133_no1,"Gesänge_der_Frühe,_Op.133",False,False,False,
bach_bwv859_fugue,"The_Well-Tempered_Clavier,_Book_I,_BWV_846-869",True,True,False,bach_bwv846_fugue;bach_bwv846_prelude;bach_bwv847;bach_bwv847_fugue;bach_bwv847_prelude;bach_bwv848_fugue;bach_bwv848_prelude;bach_bwv850;bach_bwv854;bach_bwv854_fugue;bach_bwv854_prelude;bach_bwv855_prelude;bach_bwv856_fugue;bach_bwv856_prelude;bach_bwv857_fugue;bach_bwv857_prelude;bach_bwv858_fugue;bach_bwv858_prelude;bach_bwv860_fugue;bach_bwv860_prelude;bach_bwv862_fugue;bach_bwv862_prelude;bach_bwv863_fugue;bach_bwv863_prelude;bach_bwv864_fugue;bach_bwv864_prelude;bach_bwv865_fugue;bach_bwv
"pianocore:Rameau,_Jean-Philippe/Suite_in_E_minor,_RCT_2/8._Tambourin","Suite_in_E_minor,_RCT_2",False,False,False,
bach_bwv852_fugue,"The_Well-Tempered_Clavier,_Book_I,_BWV_846-869",True,True,False,bach_bwv846_fugue;bach_bwv846_prelude;bach_bwv847;bach_bwv847_fugue;bach_bwv847_prelude;bach_bwv848_fugue;bach_bwv848_prelude;bach_bwv850;bach_bwv854;bach_bwv854_fugue;bach_bwv854_prelude;bach_bwv855_prelude;bach_bwv856_fugue;bach_bwv856_prelude;bach_bwv857_fugue;bach_bwv857_prelude;bach_bwv858_fugue;bach_bwv858_prelude;bach_bwv860_fugue;bach_bwv860_prelude;bach_bwv862_fugue;bach_bwv862_prelude;bach_bwv863_fugue;bach_bwv863_prelude;bach_bwv864_fugue;bach_bwv864_prelude;bach_bwv865_fugue;bach_bwv
lyadov_op11_no1,"3_Morceaux,_Op.11",False,False,False,
turina_op55_no5,"5_Danzas_Gitanas,_Series_1,_Op.55",False,False,False,
mendelssohn_op38_no3,"Lieder_ohne_Worte,_Op.38",False,False,False,
bach_bwv915,"7_Toccatas,_BWV_910-916",True,True,False,bach_bwv914
scarlatti_k213,"Keyboard_Sonata_in_D_minor,_K.213",False,False,False,
chopin_op6_no3,"Mazurkas,_Op.6",False,False,False,
"pianocore:Bach,_Carl_Philipp_Emanuel/4_Pieces_for_Anna_Magdalena_Bach,_H.1/1._March_(D_major,_BWV_Anh.122)","4_Pieces_for_Anna_Magdalena_Bach,_H.1",True,True,False,"pianocore:Bach,_Carl_Philipp_Emanuel/4_Pieces_for_Anna_Magdalena_Bach,_H.1/4._Polonaise_(G_minor,_BWV_Anh.125)"
duvernoy_op176_no18,"Elementary_Studies,_Op.176",False,False,False,
prokofiev_op22_no17,"Visions_Fugitives,_Op.22",True,True,True,prokofiev_op22_no10
bach_bwv913,"7_Toccatas,_BWV_910-916",True,True,False,bach_bwv914
scarlatti_k54,"Keyboard_Sonata_in_A_minor,_K.54",False,False,False,
"pianocore:Ravel,_Maurice/Le_Tombeau_de_Couperin,_M.68","Le_Tombeau_de_Couperin,_M.68",True,True,False,"pianocore:Ravel,_Maurice/Le_Tombeau_de_Couperin,_M.68/1._Prelude;pianocore:Ravel,_Maurice/Le_Tombeau_de_Couperin,_M.68/2._Fugue;pianocore:Ravel,_Maurice/Le_Tombeau_de_Couperin,_M.68/3._Forlane;pianocore:Ravel,_Maurice/Le_Tombeau_de_Couperin,_M.68/4._Rigaudon;pianocore:Ravel,_Maurice/Le_Tombeau_de_Couperin,_M.68/5._Menuet;pianocore:Ravel,_Maurice/Le_Tombeau_de_Couperin,_M.68/6._Toccata"
"pianocore:Handel,_George_Frideric/Gavotte_in_G_major,_HWV_491","Gavotte_in_G_major,_HWV_491",False,False,False,
prokofiev_op22_no18,"Visions_Fugitives,_Op.22",True,True,True,prokofiev_op22_no10
scarlatti_k322,"Keyboard_Sonata_in_A_major,_K.322",False,False,False,
mendelssohn_op38_no4,"Lieder_ohne_Worte,_Op.38",False,False,False,
"pianocore:Bach,_Johann_Sebastian/Notebook_for_Anna_Magdalena_Bach,_Book_2,_BWV_Anh.113-132/15._Minuet_in_C_minor,_BWV_Anh.121","Notebook_for_Anna_Magdalena_Bach,_Book_2,_BWV_Anh.113-132",True,True,False,"pianocore:Bach,_Johann_Sebastian/Notebook_for_Anna_Magdalena_Bach,_Book_2,_BWV_Anh.113-132/22._Musette_in_D_major,_BWV_Anh.126;pianocore:Bach,_Johann_Sebastian/Notebook_for_Anna_Magdalena_Bach,_Book_2,_BWV_Anh.113-132/7._Minuet_in_G_major,_BWV_Anh.116"
"pianocore:Field,_John/Nocturne_No.1_in_E_flat_major,_H_24","Nocturne_No.1_in_E_flat_major,_H_24",False,False,False,
prokofiev_op22_no1,"Visions_Fugitives,_Op.22",True,True,True,prokofiev_op22_no10
"pianocore:Haydn,_Joseph/Flötenuhr_in_C_major,_Hob.XIX:8","Flötenuhr_in_C_major,_Hob.XIX:8",False,False,False,
"pianocore:Bach,_Carl_Philipp_Emanuel/Keyboard_Sonata_in_B_minor,_H.245","Keyboard_Sonata_in_B_minor,_H.245",False,False,False,
prokofiev_op22_no20,"Visions_Fugitives,_Op.22",True,True,True,prokofiev_op22_no10
clementi_op36_no3,"Piano_Sonatina_in_C_major,_Op.36,_No.3",True,False,True,"pianocore:Clementi,_Muzio/Piano_Sonatina_in_C_major,_Op.36,_No.1/1._Spiritoso"
"pianocore:Bach,_Carl_Philipp_Emanuel/March_in_E_flat_major,_H_deest","March_in_E_flat_major,_H_deest",False,False,False,
grieg_op54_no2,"Lyric_Pieces,_Book_5,_Op.54",True,True,True,grieg_op54_no3
mendelssohn_op53_no1,"Lieder_ohne_Worte,_Op.53",False,False,False,
chaminade_op61,"Arabesque_No.1,_Op.61",False,False,False,
"pianocore:Bartók,_Béla/Romanian_Folk_Dances,_Sz.56/3._Pe_loc","Romanian_Folk_Dances,_Sz.56",True,True,False,"pianocore:Bartók,_Béla/Romanian_Folk_Dances,_Sz.56/1._Jocul_cu_bâtă;pianocore:Bartók,_Béla/Romanian_Folk_Dances,_Sz.56/2._Brâul"
"pianocore:Gossec,_François_Joseph/Gavotte_in_D_major_pour_Mlle_Laure",Gavotte_in_D_major_pour_Mlle_Laure,False,False,False,
mozart_k3,"Allegro_in_B_flat_major,_K.3",True,False,True,mozart_k2
chopin_op33_no3,"Mazurkas,_Op.33",True,True,True,chopin_op33_no2;chopin_op33_no4
"pianocore:Debussy,_Claude/2_Arabesques",2_Arabesques,True,True,False,"pianocore:Debussy,_Claude/2_Arabesques/1._Andantino_con_moto_(E_major)"
bach_bwv910,"7_Toccatas,_BWV_910-916",True,True,False,bach_bwv914
bach_bwv861_fugue,"The_Well-Tempered_Clavier,_Book_I,_BWV_846-869",True,True,False,bach_bwv846_fugue;bach_bwv846_prelude;bach_bwv847;bach_bwv847_fugue;bach_bwv847_prelude;bach_bwv848_fugue;bach_bwv848_prelude;bach_bwv850;bach_bwv854;bach_bwv854_fugue;bach_bwv854_prelude;bach_bwv855_prelude;bach_bwv856_fugue;bach_bwv856_prelude;bach_bwv857_fugue;bach_bwv857_prelude;bach_bwv858_fugue;bach_bwv858_prelude;bach_bwv860_fugue;bach_bwv860_prelude;bach_bwv862_fugue;bach_bwv862_prelude;bach_bwv863_fugue;bach_bwv863_prelude;bach_bwv864_fugue;bach_bwv864_prelude;bach_bwv865_fugue;bach_bwv
prokofiev_op22_no11,"Visions_Fugitives,_Op.22",True,True,True,prokofiev_op22_no10
mendelssohn_op72_no2,"6_Kinderstücke,_Op.72",False,False,False,
schumann_op68_no14,"Album_für_die_Jugend,_Op.68",True,True,True,schumann_op68_no1;schumann_op68_no10;schumann_op68_no11;schumann_op68_no12;schumann_op68_no13;schumann_op68_no15;schumann_op68_no16;schumann_op68_no17;schumann_op68_no18;schumann_op68_no19;schumann_op68_no2;schumann_op68_no3;schumann_op68_no4;schumann_op68_no5;schumann_op68_no6;schumann_op68_no7;schumann_op68_no8
liszt_s207,"En_rêve,_S.207",False,False,False,
bach_bwv916,"7_Toccatas,_BWV_910-916",True,True,False,bach_bwv914
bach_bwv912,"7_Toccatas,_BWV_910-916",True,True,False,bach_bwv914
prokofiev_op22_no7,"Visions_Fugitives,_Op.22",True,True,True,prokofiev_op22_no10
"pianocore:Bach,_Johann_Sebastian/Notebook_for_Anna_Magdalena_Bach,_Book_2,_BWV_Anh.113-132/10._Polonaise_in_G_minor,_BWV_Anh.119","Notebook_for_Anna_Magdalena_Bach,_Book_2,_BWV_Anh.113-132",True,True,False,"pianocore:Bach,_Johann_Sebastian/Notebook_for_Anna_Magdalena_Bach,_Book_2,_BWV_Anh.113-132/22._Musette_in_D_major,_BWV_Anh.126;pianocore:Bach,_Johann_Sebastian/Notebook_for_Anna_Magdalena_Bach,_Book_2,_BWV_Anh.113-132/7._Minuet_in_G_major,_BWV_Anh.116"
"pianocore:Bach,_Carl_Philipp_Emanuel/4_Pieces_for_Anna_Magdalena_Bach,_H.1/3._March_(G_major,_BWV_Anh.124)","4_Pieces_for_Anna_Magdalena_Bach,_H.1",True,True,False,"pianocore:Bach,_Carl_Philipp_Emanuel/4_Pieces_for_Anna_Magdalena_Bach,_H.1/4._Polonaise_(G_minor,_BWV_Anh.125)"
clementi_op36_no2,"Piano_Sonatina_in_G_major,_Op.36,_No.2",True,False,True,"pianocore:Clementi,_Muzio/Piano_Sonatina_in_C_major,_Op.36,_No.1/1._Spiritoso"
"pianocore:Haydn,_Joseph/12_Minuets,_Hob.IX:8/12._Minuet_in_F_major","12_Minuets,_Hob.IX:8",False,False,False,
mendelssohn_op53_no2,"Lieder_ohne_Worte,_Op.53",False,False,False,
scarlatti_k87,"Keyboard_Sonata_in_B_minor,_K.87",False,False,False,
kuhlau_op55_no1,"Piano_Sonatina_in_C_major,_Op.55_No.1",False,False,False,
chopin_op67_no1,"Mazurkas,_Op.67",False,False,False,
mozart_k1,"Minuet_in_G_major,_K.1:1e",True,False,True,mozart_k2
prokofiev_op22_no16,"Visions_Fugitives,_Op.22",True,True,True,prokofiev_op22_no10
"pianocore:Boulanger,_Lili/3_Morceaux/1._D’un_Vieux_Jardin._Expressif_(C_sharp_minor)",3_Morceaux,False,False,False,
"pianocore:Boulanger,_Lili/3_Morceaux/3._Cortège._Pas_vite_(B_major)",3_Morceaux,False,False,False,
merikanto_op33,"Valse_lente,_Op.33",False,False,False,
bach_bwv882_prelude,"The_Well-Tempered_Clavier,_Book_II,_BWV_870-893",True,True,False,bach_bwv870_fugue;bach_bwv870_prelude;bach_bwv871_fugue;bach_bwv873_fugue;bach_bwv873_prelude;bach_bwv874;bach_bwv874_fugue;bach_bwv874_prelude;bach_bwv875_fugue;bach_bwv875_prelude;bach_bwv876_fugue;bach_bwv876_prelude;bach_bwv880;bach_bwv880_fugue;bach_bwv880_prelude;bach_bwv883_fugue;bach_bwv883_prelude;bach_bwv884;bach_bwv884_fugue;bach_bwv884_prelude;bach_bwv885_fugue;bach_bwv885_prelude;bach_bwv887;bach_bwv887_fugue;bach_bwv887_prelude;bach_bwv888_fugue;bach_bwv888_prelude;bach_bwv889;bach
"pianocore:Elgar,_Edward/Variations_on_an_Original_Theme_'Enigma',_Op.36/Variation_IX._Adagio_""Nimrod""","Variations_on_an_Original_Theme_'Enigma',_Op.36",False,False,False,
prokofiev_op22_no14,"Visions_Fugitives,_Op.22",True,True,True,prokofiev_op22_no10
prokofiev_op22_no8,"Visions_Fugitives,_Op.22",True,True,True,prokofiev_op22_no10
bach_bwv861_prelude,"The_Well-Tempered_Clavier,_Book_I,_BWV_846-869",True,True,False,bach_bwv846_fugue;bach_bwv846_prelude;bach_bwv847;bach_bwv847_fugue;bach_bwv847_prelude;bach_bwv848_fugue;bach_bwv848_prelude;bach_bwv850;bach_bwv854;bach_bwv854_fugue;bach_bwv854_prelude;bach_bwv855_prelude;bach_bwv856_fugue;bach_bwv856_prelude;bach_bwv857_fugue;bach_bwv857_prelude;bach_bwv858_fugue;bach_bwv858_prelude;bach_bwv860_fugue;bach_bwv860_prelude;bach_bwv862_fugue;bach_bwv862_prelude;bach_bwv863_fugue;bach_bwv863_prelude;bach_bwv864_fugue;bach_bwv864_prelude;bach_bwv865_fugue;bach_bwv
"pianocore:Glinka,_Mikhail/Nocturne_in_E_flat_major",Nocturne_in_E_flat_major,False,False,False,
