piece_id,row_id,performance_id,source_dataset,capture_model,score_key,excluded,match_share
bach_bwv859_fugue,PianoCoRe_022271,Aria_081319_12,Aria-MIDI,Aria-AMT,"Bach,_Johann_Sebastian/The_Well-Tempered_Clavier,_Book_I,_BWV_846-869/No.14_in_F_sharp_minor,_BWV_859:_Fugue/score_MS_refined.mid",match_share,0.7850467289719626
bach_bwv861_prelude,PianoCoRe_022698,Aria_120846_0,Aria-MIDI,Aria-AMT,"Bach,_Johann_Sebastian/The_Well-Tempered_Clavier,_Book_I,_BWV_846-869/No.16_in_G_minor,_BWV_861:_Prelude/score_MS_refined.mid",match_share,0.7833125778331258
chaminade_op61,PianoCoRe_071939,Aria_101223_0,Aria-MIDI,Aria-AMT,"Chaminade,_Cécile/Arabesque_No.1,_Op.61/score_MS_refined.mid",match_share,0.7782444351112978
chaminade_op61,PianoCoRe_071940,Aria_260088_0,Aria-MIDI,Aria-AMT,"Chaminade,_Cécile/Arabesque_No.1,_Op.61/score_MS_refined.mid",match_share,0.7001259974800504
chaminade_op61,PianoCoRe_071943,Aria_310921_0,Aria-MIDI,Aria-AMT,"Chaminade,_Cécile/Arabesque_No.1,_Op.61/score_MS_refined.mid",match_share,0.7463250734985301
chaminade_op61,PianoCoRe_071948,Aria_411080_0,Aria-MIDI,Aria-AMT,"Chaminade,_Cécile/Arabesque_No.1,_Op.61/score_MS_refined.mid",match_share,0.7832843343133137
chaminade_op61,PianoCoRe_071951,Aria_446760_0,Aria-MIDI,Aria-AMT,"Chaminade,_Cécile/Arabesque_No.1,_Op.61/score_MS_refined.mid",match_share,0.7648047039059219
chaminade_op61,PianoCoRe_071952,Aria_465643_0,Aria-MIDI,Aria-AMT,"Chaminade,_Cécile/Arabesque_No.1,_Op.61/score_MS_refined.mid",match_share,0.7635447291054179
chaminade_op61,PianoCoRe_071953,Aria_489629_0,Aria-MIDI,Aria-AMT,"Chaminade,_Cécile/Arabesque_No.1,_Op.61/score_MS_refined.mid",match_share,0.739605207895842
chaminade_op61,PianoCoRe_071957,Aria_576865_0,Aria-MIDI,Aria-AMT,"Chaminade,_Cécile/Arabesque_No.1,_Op.61/score_MS_refined.mid",match_share,0.7786644267114657
chaminade_op61,PianoCoRe_071958,Aria_610010_0,Aria-MIDI,Aria-AMT,"Chaminade,_Cécile/Arabesque_No.1,_Op.61/score_MS_refined.mid",match_share,0.7018059638807224
chaminade_op61,PianoCoRe_071960,Aria_622980_0,Aria-MIDI,Aria-AMT,"Chaminade,_Cécile/Arabesque_No.1,_Op.61/score_MS_refined.mid",match_share,0.7610247795044099
chaminade_op61,PianoCoRe_071961,Aria_671800_0,Aria-MIDI,Aria-AMT,"Chaminade,_Cécile/Arabesque_No.1,_Op.61/score_MS_refined.mid",match_share,0.7400251994960101
chaminade_op61,PianoCoRe_071964,Aria_700488_0,Aria-MIDI,Aria-AMT,"Chaminade,_Cécile/Arabesque_No.1,_Op.61/score_MS_refined.mid",match_share,0.7341453170936582
chaminade_op61,PianoCoRe_071965,Aria_702561_0,Aria-MIDI,Aria-AMT,"Chaminade,_Cécile/Arabesque_No.1,_Op.61/score_MS_refined.mid",match_share,0.7383452330953381
chaminade_op61,PianoCoRe_071966,Aria_702913_0,Aria-MIDI,Aria-AMT,"Chaminade,_Cécile/Arabesque_No.1,_Op.61/score_MS_refined.mid",match_share,0.753884922301554
chaminade_op61,PianoCoRe_071969,Aria_765167_0,Aria-MIDI,Aria-AMT,"Chaminade,_Cécile/Arabesque_No.1,_Op.61/score_MS_refined.mid",match_share,0.7992440151196976
chaminade_op61,PianoCoRe_071970,Aria_787403_0,Aria-MIDI,Aria-AMT,"Chaminade,_Cécile/Arabesque_No.1,_Op.61/score_MS_refined.mid",match_share,0.7144057118857623
chaminade_op61,PianoCoRe_071971,Aria_797750_0,Aria-MIDI,Aria-AMT,"Chaminade,_Cécile/Arabesque_No.1,_Op.61/score_MS_refined.mid",match_share,0.7543049139017219
chaminade_op61,PianoCoRe_071975,Aria_892925_0,Aria-MIDI,Aria-AMT,"Chaminade,_Cécile/Arabesque_No.1,_Op.61/score_MS_refined.mid",match_share,0.7820243595128098
chopin_op33_no3,PianoCoRe_102249,Aria_288198_0,Aria-MIDI,Aria-AMT,"Chopin,_Frédéric/Mazurkas,_Op.33/3._Semplice_(C_major)/score_MS_refined.mid",match_share,0.795880149812734
chopin_op33_no3,PianoCoRe_102256,Aria_447631_0,Aria-MIDI,Aria-AMT,"Chopin,_Frédéric/Mazurkas,_Op.33/3._Semplice_(C_major)/score_MS_refined.mid",match_share,0.7584269662921348
chopin_op6_no3,PianoCoRe_100153,Aria_256979_0,Aria-MIDI,Aria-AMT,"Chopin,_Frédéric/Mazurkas,_Op.6/3._Vivace_(E_major)/score_MS_refined.mid",match_share,0.7887323943661971
kuhlau_op55_no1,PianoCoRe_164671,Aria_668898_0_mini,Aria-MIDI,Aria-AMT,"Kuhlau,_Friedrich/Piano_Sonatina_in_C_major,_Op.55_No.1/score_PDMX_mini_refined.mid",match_share,0.7950272892662219
liszt_s207,PianoCoRe_172408,Aria_030348_0,Aria-MIDI,Aria-AMT,"Liszt,_Franz/En_rêve,_S.207/score_MS_refined.mid",match_share,0.7802197802197802
liszt_s207,PianoCoRe_172429,Aria_438987_0,Aria-MIDI,Aria-AMT,"Liszt,_Franz/En_rêve,_S.207/score_MS_refined.mid",match_share,0.7670329670329671
liszt_s207,PianoCoRe_172438,Aria_589771_0,Aria-MIDI,Aria-AMT,"Liszt,_Franz/En_rêve,_S.207/score_MS_refined.mid",match_share,0.7714285714285715
liszt_s207,PianoCoRe_172454,Aria_918705_0,Aria-MIDI,Aria-AMT,"Liszt,_Franz/En_rêve,_S.207/score_MS_refined.mid",match_share,0.789010989010989
lyadov_op11_no1,PianoCoRe_178561,Aria_506100_0,Aria-MIDI,Aria-AMT,"Lyadov,_Anatoly/3_Morceaux,_Op.11/1._Prelude_in_B_minor/score_PDMX_refined.mid",match_share,0.7881679389312977
mendelssohn_op53_no1,PianoCoRe_181293,ATEPP_03657,ATEPP,ATEPP,"Mendelssohn,_Felix/Lieder_ohne_Worte,_Op.53/1._Andante_con_moto/score_MS_refined.mid",match_share,0.7949552481692432
mendelssohn_op53_no2,PianoCoRe_181348,Aria_253814_0,Aria-MIDI,Aria-AMT,"Mendelssohn,_Felix/Lieder_ohne_Worte,_Op.53/2._Allegro_non_troppo_""The_Fleecy_Cloud""/score_MS_refined.mid",match_share,0.7659574468085106
merikanto_op33,PianoCoRe_182914,Aria_355682_0,Aria-MIDI,Aria-AMT,"Merikanto,_Oskar/Valse_lente,_Op.33/score_MS_refined.mid",match_share,0.7539325842696629
mozart_k1,PianoCoRe_184205,Aria_168572_0,Aria-MIDI,Aria-AMT,"Mozart,_Wolfgang_Amadeus/Minuet_in_G_major,_K.1:1e/score_PDMX_refined.mid",match_share,0.7779456193353474
mozart_k1,PianoCoRe_184207,Aria_198481_0,Aria-MIDI,Aria-AMT,"Mozart,_Wolfgang_Amadeus/Minuet_in_G_major,_K.1:1e/score_PDMX_refined.mid",match_share,0.7583081570996979
mozart_k1,PianoCoRe_184215,Aria_316885_0,Aria-MIDI,Aria-AMT,"Mozart,_Wolfgang_Amadeus/Minuet_in_G_major,_K.1:1e/score_PDMX_refined.mid",match_share,0.7764350453172205
mozart_k1,PianoCoRe_184226,Aria_526196_0,Aria-MIDI,Aria-AMT,"Mozart,_Wolfgang_Amadeus/Minuet_in_G_major,_K.1:1e/score_PDMX_refined.mid",match_share,0.7114803625377644
mozart_k1,PianoCoRe_184231,Aria_697338_0,Aria-MIDI,Aria-AMT,"Mozart,_Wolfgang_Amadeus/Minuet_in_G_major,_K.1:1e/score_PDMX_refined.mid",match_share,0.7990936555891238
mozart_k1,PianoCoRe_184238,Aria_847834_0,Aria-MIDI,Aria-AMT,"Mozart,_Wolfgang_Amadeus/Minuet_in_G_major,_K.1:1e/score_PDMX_refined.mid",match_share,0.7960725075528701
"pianocore:Bach,_Carl_Philipp_Emanuel/4_Pieces_for_Anna_Magdalena_Bach,_H.1/1._March_(D_major,_BWV_Anh.122)",PianoCoRe_003001,Aria_231593_0,Aria-MIDI,Aria-AMT,"Bach,_Carl_Philipp_Emanuel/4_Pieces_for_Anna_Magdalena_Bach,_H.1/1._March_(D_major,_BWV_Anh.122)/score_PDMX_refined.mid",match_share,0.7442922374429224
"pianocore:Bach,_Carl_Philipp_Emanuel/4_Pieces_for_Anna_Magdalena_Bach,_H.1/1._March_(D_major,_BWV_Anh.122)",PianoCoRe_003017,Aria_466648_0,Aria-MIDI,Aria-AMT,"Bach,_Carl_Philipp_Emanuel/4_Pieces_for_Anna_Magdalena_Bach,_H.1/1._March_(D_major,_BWV_Anh.122)/score_PDMX_refined.mid",match_share,0.7442922374429224
"pianocore:Bach,_Carl_Philipp_Emanuel/4_Pieces_for_Anna_Magdalena_Bach,_H.1/1._March_(D_major,_BWV_Anh.122)",PianoCoRe_003025,Aria_553644_0,Aria-MIDI,Aria-AMT,"Bach,_Carl_Philipp_Emanuel/4_Pieces_for_Anna_Magdalena_Bach,_H.1/1._March_(D_major,_BWV_Anh.122)/score_PDMX_refined.mid",match_share,0.7351598173515982
"pianocore:Bach,_Carl_Philipp_Emanuel/Keyboard_Sonata_in_B_minor,_H.245",PianoCoRe_003202,GiantMIDI_VWaA0i-J_2g,GiantMIDI-Piano,ByteDance,"Bach,_Carl_Philipp_Emanuel/Keyboard_Sonata_in_B_minor,_H.245/score_PDMX_refined.mid",match_share,0.7956403269754768
"pianocore:Elgar,_Edward/Variations_on_an_Original_Theme_'Enigma',_Op.36/Variation_IX._Adagio_""Nimrod""",PianoCoRe_150882,Aria_248147_0,Aria-MIDI,Aria-AMT,"Elgar,_Edward/Variations_on_an_Original_Theme_'Enigma',_Op.36/Variation_IX._Adagio_""Nimrod""/score_PDMX_refined.mid",match_share,0.7685325264750378
"pianocore:Elgar,_Edward/Variations_on_an_Original_Theme_'Enigma',_Op.36/Variation_IX._Adagio_""Nimrod""",PianoCoRe_150886,Aria_353813_0,Aria-MIDI,Aria-AMT,"Elgar,_Edward/Variations_on_an_Original_Theme_'Enigma',_Op.36/Variation_IX._Adagio_""Nimrod""/score_PDMX_refined.mid",match_share,0.7881996974281392
"pianocore:Elgar,_Edward/Variations_on_an_Original_Theme_'Enigma',_Op.36/Variation_IX._Adagio_""Nimrod""",PianoCoRe_150888,Aria_396378_0,Aria-MIDI,Aria-AMT,"Elgar,_Edward/Variations_on_an_Original_Theme_'Enigma',_Op.36/Variation_IX._Adagio_""Nimrod""/score_PDMX_refined.mid",match_share,0.7791225416036308
"pianocore:Elgar,_Edward/Variations_on_an_Original_Theme_'Enigma',_Op.36/Variation_IX._Adagio_""Nimrod""",PianoCoRe_150893,Aria_467728_0,Aria-MIDI,Aria-AMT,"Elgar,_Edward/Variations_on_an_Original_Theme_'Enigma',_Op.36/Variation_IX._Adagio_""Nimrod""/score_PDMX_refined.mid",match_share,0.7201210287443268
"pianocore:Elgar,_Edward/Variations_on_an_Original_Theme_'Enigma',_Op.36/Variation_IX._Adagio_""Nimrod""",PianoCoRe_150894,Aria_476940_0,Aria-MIDI,Aria-AMT,"Elgar,_Edward/Variations_on_an_Original_Theme_'Enigma',_Op.36/Variation_IX._Adagio_""Nimrod""/score_PDMX_refined.mid",match_share,0.7549167927382754
"pianocore:Elgar,_Edward/Variations_on_an_Original_Theme_'Enigma',_Op.36/Variation_IX._Adagio_""Nimrod""",PianoCoRe_150896,Aria_500446_0,Aria-MIDI,Aria-AMT,"Elgar,_Edward/Variations_on_an_Original_Theme_'Enigma',_Op.36/Variation_IX._Adagio_""Nimrod""/score_PDMX_refined.mid",match_share,0.7866868381240545
"pianocore:Elgar,_Edward/Variations_on_an_Original_Theme_'Enigma',_Op.36/Variation_IX._Adagio_""Nimrod""",PianoCoRe_150903,Aria_653596_0,Aria-MIDI,Aria-AMT,"Elgar,_Edward/Variations_on_an_Original_Theme_'Enigma',_Op.36/Variation_IX._Adagio_""Nimrod""/score_PDMX_refined.mid",match_share,0.7851739788199698
"pianocore:Elgar,_Edward/Variations_on_an_Original_Theme_'Enigma',_Op.36/Variation_IX._Adagio_""Nimrod""",PianoCoRe_150904,Aria_740992_0,Aria-MIDI,Aria-AMT,"Elgar,_Edward/Variations_on_an_Original_Theme_'Enigma',_Op.36/Variation_IX._Adagio_""Nimrod""/score_PDMX_refined.mid",match_share,0.75642965204236
"pianocore:Elgar,_Edward/Variations_on_an_Original_Theme_'Enigma',_Op.36/Variation_IX._Adagio_""Nimrod""",PianoCoRe_150908,Aria_845772_0,Aria-MIDI,Aria-AMT,"Elgar,_Edward/Variations_on_an_Original_Theme_'Enigma',_Op.36/Variation_IX._Adagio_""Nimrod""/score_PDMX_refined.mid",match_share,0.7337367624810892
"pianocore:Elgar,_Edward/Variations_on_an_Original_Theme_'Enigma',_Op.36/Variation_IX._Adagio_""Nimrod""",PianoCoRe_150909,Aria_890527_0,Aria-MIDI,Aria-AMT,"Elgar,_Edward/Variations_on_an_Original_Theme_'Enigma',_Op.36/Variation_IX._Adagio_""Nimrod""/score_PDMX_refined.mid",match_share,0.7745839636913767
"pianocore:Field,_John/Nocturne_No.1_in_E_flat_major,_H_24",PianoCoRe_152659,Aria_686726_0,Aria-MIDI,Aria-AMT,"Field,_John/Nocturne_No.1_in_E_flat_major,_H_24/score_PDMX_refined.mid",match_share,0.7979363714531384
"pianocore:Gossec,_François_Joseph/Gavotte_in_D_major_pour_Mlle_Laure",PianoCoRe_154489,Aria_248129_0,Aria-MIDI,Aria-AMT,"Gossec,_François_Joseph/Gavotte_in_D_major_pour_Mlle_Laure/score_PDMX_refined.mid",match_share,0.710019267822736
"pianocore:Haydn,_Joseph/12_Minuets,_Hob.IX:8/12._Minuet_in_F_major",PianoCoRe_158395,Aria_458616_0,Aria-MIDI,Aria-AMT,"Haydn,_Joseph/12_Minuets,_Hob.IX:8/12._Minuet_in_F_major/score_PDMX_refined.mid",match_share,0.7438423645320197
"pianocore:Ravel,_Maurice/Le_Tombeau_de_Couperin,_M.68",PianoCoRe_208480,Aria_078401_0,Aria-MIDI,Aria-AMT,"Ravel,_Maurice/Le_Tombeau_de_Couperin,_M.68/score_MS_refined.mid",match_share,0.7700436198316644
"pianocore:Ravel,_Maurice/Le_Tombeau_de_Couperin,_M.68",PianoCoRe_208488,Aria_221730_0,Aria-MIDI,Aria-AMT,"Ravel,_Maurice/Le_Tombeau_de_Couperin,_M.68/score_MS_refined.mid",match_share,0.771026601953677
"pianocore:Ravel,_Maurice/Le_Tombeau_de_Couperin,_M.68",PianoCoRe_208491,Aria_298167_0,Aria-MIDI,Aria-AMT,"Ravel,_Maurice/Le_Tombeau_de_Couperin,_M.68/score_MS_refined.mid",match_share,0.7643914726300916
"pianocore:Ravel,_Maurice/Le_Tombeau_de_Couperin,_M.68",PianoCoRe_208492,Aria_341830_0,Aria-MIDI,Aria-AMT,"Ravel,_Maurice/Le_Tombeau_de_Couperin,_M.68/score_MS_refined.mid",match_share,0.7581863979848866
"pianocore:Ravel,_Maurice/Le_Tombeau_de_Couperin,_M.68",PianoCoRe_208503,Aria_657038_0,Aria-MIDI,Aria-AMT,"Ravel,_Maurice/Le_Tombeau_de_Couperin,_M.68/score_MS_refined.mid",match_share,0.7997173926399214
"pianocore:Ravel,_Maurice/Le_Tombeau_de_Couperin,_M.68",PianoCoRe_208507,Aria_685458_0,Aria-MIDI,Aria-AMT,"Ravel,_Maurice/Le_Tombeau_de_Couperin,_M.68/score_MS_refined.mid",match_share,0.7870614978190085
"pianocore:Ravel,_Maurice/Le_Tombeau_de_Couperin,_M.68",PianoCoRe_208508,Aria_744274_0,Aria-MIDI,Aria-AMT,"Ravel,_Maurice/Le_Tombeau_de_Couperin,_M.68/score_MS_refined.mid",match_share,0.756036124592984
"pianocore:Ravel,_Maurice/Le_Tombeau_de_Couperin,_M.68",PianoCoRe_208510,Aria_793366_2,Aria-MIDI,Aria-AMT,"Ravel,_Maurice/Le_Tombeau_de_Couperin,_M.68/score_MS_refined.mid",match_share,0.7849112244271057
"pianocore:Ravel,_Maurice/Le_Tombeau_de_Couperin,_M.68",PianoCoRe_208516,GiantMIDI_I_m6hLSpsLc,GiantMIDI-Piano,ByteDance,"Ravel,_Maurice/Le_Tombeau_de_Couperin,_M.68/score_MS_refined.mid",match_share,0.7665417460219942
prokofiev_op22_no14,PianoCoRe_198127,Aria_372170_0,Aria-MIDI,Aria-AMT,"Prokofiev,_Sergey/Visions_Fugitives,_Op.22/14._Feroce/score_MS_refined.mid",match_share,0.7923809523809524
prokofiev_op22_no14,PianoCoRe_198133,PERiScoPe_63760820,PERiScoPe,Transkun V2,"Prokofiev,_Sergey/Visions_Fugitives,_Op.22/14._Feroce/score_MS_refined.mid",match_share,0.7571428571428571
prokofiev_op22_no20,PianoCoRe_198240,Aria_340277_5,Aria-MIDI,Aria-AMT,"Prokofiev,_Sergey/Visions_Fugitives,_Op.22/20._Lento_irrealmente/score_MS_refined.mid",match_share,0.7663934426229508
prokofiev_op22_no20,PianoCoRe_198245,Aria_455587_4,Aria-MIDI,Aria-AMT,"Prokofiev,_Sergey/Visions_Fugitives,_Op.22/20._Lento_irrealmente/score_MS_refined.mid",match_share,0.7827868852459017
prokofiev_op22_no20,PianoCoRe_198255,PERiScoPe_63760826,PERiScoPe,Transkun V2,"Prokofiev,_Sergey/Visions_Fugitives,_Op.22/20._Lento_irrealmente/score_MS_refined.mid",match_share,0.7725409836065574
prokofiev_op22_no7,PianoCoRe_197952,PERiScoPe_63760813,PERiScoPe,Transkun V2,"Prokofiev,_Sergey/Visions_Fugitives,_Op.22/7._Pittoresco_(Arpa)/score_MS_refined.mid",match_share,0.7034220532319392
scarlatti_k322,PianoCoRe_216429,ATEPP_10842,ATEPP,ATEPP,"Scarlatti,_Domenico/Keyboard_Sonata_in_A_major,_K.322/score_MS_refined.mid",match_share,0.706209453197405
scarlatti_k322,PianoCoRe_216435,Aria_060192_0,Aria-MIDI,Aria-AMT,"Scarlatti,_Domenico/Keyboard_Sonata_in_A_major,_K.322/score_MS_refined.mid",match_share,0.726598702502317
scarlatti_k322,PianoCoRe_216448,Aria_305825_2,Aria-MIDI,Aria-AMT,"Scarlatti,_Domenico/Keyboard_Sonata_in_A_major,_K.322/score_MS_refined.mid",match_share,0.7154772937905468
scarlatti_k322,PianoCoRe_216451,Aria_372833_0,Aria-MIDI,Aria-AMT,"Scarlatti,_Domenico/Keyboard_Sonata_in_A_major,_K.322/score_MS_refined.mid",match_share,0.7284522706209453
scarlatti_k322,PianoCoRe_216456,Aria_407612_0,Aria-MIDI,Aria-AMT,"Scarlatti,_Domenico/Keyboard_Sonata_in_A_major,_K.322/score_MS_refined.mid",match_share,0.7034291010194624
scarlatti_k322,PianoCoRe_216479,Aria_792845_0,Aria-MIDI,Aria-AMT,"Scarlatti,_Domenico/Keyboard_Sonata_in_A_major,_K.322/score_MS_refined.mid",match_share,0.7210379981464319
scarlatti_k322,PianoCoRe_216482,Aria_819115_0,Aria-MIDI,Aria-AMT,"Scarlatti,_Domenico/Keyboard_Sonata_in_A_major,_K.322/score_MS_refined.mid",match_share,0.7330861909175163
scarlatti_k322,PianoCoRe_216486,GiantMIDI_hWO0x4LKWnE,GiantMIDI-Piano,ByteDance,"Scarlatti,_Domenico/Keyboard_Sonata_in_A_major,_K.322/score_MS_refined.mid",match_share,0.7386468952734013
scarlatti_k87,PianoCoRe_216803,Aria_282969_0,Aria-MIDI,Aria-AMT,"Scarlatti,_Domenico/Keyboard_Sonata_in_B_minor,_K.87/score_PDMX_refined.mid",match_share,0.7042502951593861
turina_op55_no5,PianoCoRe_249531,Aria_868598_0,Aria-MIDI,Aria-AMT,"Turina,_Joaquín/5_Danzas_Gitanas,_Series_1,_Op.55/5._Sacro-monte/score_PDMX_refined.mid",match_share,0.7289866457187746
