arm,stem,kind,passage,work,performer,S-DEV,velocity,log_ioi,log_art,composite
frozen,asap_Bach_Fugue_bwv_854_LuA01M,real,Bach/Fugue/bwv_854,bach_bwv854_fugue,asap:lua,0.4784561431902215,0.4539225163440068,0.5240651072442308,0.457380805982427,0.4784561431902215
frozen,asap_Bach_Fugue_bwv_854_MiyashitaM01M,real,Bach/Fugue/bwv_854,bach_bwv854_fugue,asap:miyashitam,0.44053483937161153,0.4920309440884152,0.48382262548156585,0.3457509485448535,0.44053483937161153
frozen,asap_Bach_Fugue_bwv_854_Ozaki01M,real,Bach/Fugue/bwv_854,bach_bwv854_fugue,asap:ozaki,0.44736145798628996,0.4448720063583767,0.4616608545687648,0.4355515130317284,0.44736145798628996
frozen,asap_Bach_Fugue_bwv_854_Richardson01M,real,Bach/Fugue/bwv_854,bach_bwv854_fugue,asap:richardson,0.4434628971228333,0.4969058523604108,0.44489730638772057,0.3885855326203685,0.4434628971228333
frozen,asap_Bach_Fugue_bwv_854_WangA01M,real,Bach/Fugue/bwv_854,bach_bwv854_fugue,asap:wanga,0.5068088364566177,0.5155575540021061,0.5950935885596003,0.40977536680814675,0.5068088364566177
frozen,asap_Bach_Fugue_bwv_864_SunD01M,real,Bach/Fugue/bwv_864,bach_bwv864_fugue,asap:sund,0.3222895144407732,0.3442688493522756,0.3921128322208667,0.23048686174917724,0.3222895144407732
frozen,asap_Bach_Italian_concerto_KyykhynenT03,real,Bach/Italian_concerto,asap:Bach/Italian_concerto,asap:kyykhynent,0.7786280050616448,0.88985645314843,0.7158100327297016,0.7302175293068026,0.7786280050616448
frozen,asap_Bach_Italian_concerto_LeeN07,real,Bach/Italian_concerto,asap:Bach/Italian_concerto,asap:leen,0.6758287123642014,0.8982042954836947,0.37170695264453935,0.75757488896437,0.6758287123642014
frozen,asap_Bach_Italian_concerto_TanakaM03,real,Bach/Italian_concerto,asap:Bach/Italian_concerto,asap:tanakam,0.7372130425655604,0.8400583655342553,0.6471296608327295,0.7244511013296963,0.7372130425655604
frozen,asap_Bach_Prelude_bwv_885_Chon02,real,Bach/Prelude/bwv_885,bach_bwv885_prelude,asap:chon,0.465302238746298,0.35855950062398645,0.4214837765418758,0.6158634390730318,0.465302238746298
frozen,asap_Bach_Prelude_bwv_885_Guo01M,real,Bach/Prelude/bwv_885,bach_bwv885_prelude,asap:guo,0.4689280141814787,0.3895251459587642,0.39779771076505294,0.6194611858206192,0.4689280141814787
frozen,asap_Bach_Prelude_bwv_885_Huang04M,real,Bach/Prelude/bwv_885,bach_bwv885_prelude,asap:huang,0.5276249915015403,0.2845373560780726,0.7350260699727554,0.5633115484537928,0.5276249915015403
frozen,asap_Bach_Prelude_bwv_885_JeonH01M,real,Bach/Prelude/bwv_885,bach_bwv885_prelude,asap:jeonh,0.47858003162209845,0.4088188518555933,0.5697525478916438,0.4571686951190581,0.47858003162209845
frozen,asap_Bach_Prelude_bwv_885_SINKEV01,real,Bach/Prelude/bwv_885,bach_bwv885_prelude,asap:sinkev,0.5714607421233974,0.5216769853980591,0.6985964715100494,0.4941087694620835,0.5714607421233974
frozen,asap_Bach_Prelude_bwv_885_SINKEV06,real,Bach/Prelude/bwv_885,bach_bwv885_prelude,asap:sinkev,0.5726035073580289,0.5546923754297932,0.6459739869142685,0.5171441597300247,0.5726035073580289
frozen,asap_Beethoven_Piano_Sonatas_1-1_KimG01,real,Beethoven/Piano_Sonatas/1-1,beethoven_op2_no1_mv1,asap:kimg,0.6741182284416363,0.7457785668678214,0.503352762923095,0.7732233555339922,0.6741182284416363
frozen,asap_Beethoven_Piano_Sonatas_2-1_Kochetkova01,real,Beethoven/Piano_Sonatas/2-1,beethoven_op2_no2_mv1,asap:kochetkova,0.6250690222000861,0.8297140014378452,0.29994861935175254,0.7455444458106606,0.6250690222000861
frozen,asap_Beethoven_Piano_Sonatas_2-1_OUSSET01,real,Beethoven/Piano_Sonatas/2-1,beethoven_op2_no2_mv1,asap:ousset,0.7010261456696497,0.8210213737907072,0.4623529675084896,0.8197040957097522,0.7010261456696497
frozen,asap_Beethoven_Piano_Sonatas_2-1_Yang02,real,Beethoven/Piano_Sonatas/2-1,beethoven_op2_no2_mv1,asap:yang,0.6964727917202406,0.8310924292773103,0.43543431868239113,0.8228916272010203,0.6964727917202406
frozen,asap_Beethoven_Piano_Sonatas_4-1_BENABD01,real,Beethoven/Piano_Sonatas/4-1,beethoven_op7_mv1,asap:benabd,0.6435351358841431,0.7569485146333701,0.43066891712733874,0.7429879758917206,0.6435351358841431
frozen,asap_Beethoven_Piano_Sonatas_4-1_Benabdallah01,real,Beethoven/Piano_Sonatas/4-1,beethoven_op7_mv1,asap:benabdallah,0.6381442622332169,0.7720794416648785,0.34604348548122976,0.796309859553542,0.6381442622332169
frozen,asap_Beethoven_Piano_Sonatas_4-1_CaiC01,real,Beethoven/Piano_Sonatas/4-1,beethoven_op7_mv1,asap:caic,0.6934926012719619,0.7978363016547863,0.5328888566320772,0.7497526455290221,0.6934926012719619
frozen,asap_Beethoven_Piano_Sonatas_4-1_Chon03M,real,Beethoven/Piano_Sonatas/4-1,beethoven_op7_mv1,asap:chon,0.6448230651225614,0.7318748866499696,0.4264617003799253,0.7761326083377893,0.6448230651225614
frozen,asap_Beethoven_Piano_Sonatas_4-1_LeeE02M,real,Beethoven/Piano_Sonatas/4-1,beethoven_op7_mv1,asap:leee,0.6424152611187207,0.7838741380904377,0.35752851671182145,0.7858431285539033,0.6424152611187207
frozen,asap_Beethoven_Piano_Sonatas_4-1_LiA04M,real,Beethoven/Piano_Sonatas/4-1,beethoven_op7_mv1,asap:lia,0.6690238272382981,0.7475013651274044,0.45819881500685816,0.8013713015806316,0.6690238272382981
frozen,asap_Beethoven_Piano_Sonatas_4-1_Shamray01,real,Beethoven/Piano_Sonatas/4-1,beethoven_op7_mv1,asap:shamray,0.6232959145029991,0.7431992538081368,0.46191628915906696,0.6647722005417938,0.6232959145029991
frozen,asap_Beethoven_Piano_Sonatas_4-1_SirajA02M,real,Beethoven/Piano_Sonatas/4-1,beethoven_op7_mv1,asap:siraja,0.5992816552339671,0.7061185372650183,0.33733459978932406,0.7543918286475592,0.5992816552339671
frozen,asap_Beethoven_Piano_Sonatas_4-1_Zhao01,real,Beethoven/Piano_Sonatas/4-1,beethoven_op7_mv1,asap:zhao,0.6811683035082857,0.7348680209631596,0.5133325122706949,0.7953043772910026,0.6811683035082857
frozen,asap_Beethoven_Piano_Sonatas_5-1_Colafelice02M,real,Beethoven/Piano_Sonatas/5-1,beethoven_op10_no1_mv1,asap:colafelice,0.6049079783710628,0.8339000908338778,0.46584964967381415,0.5149741946054966,0.6049079783710628
frozen,asap_Beethoven_Piano_Sonatas_5-1_SunD02M,real,Beethoven/Piano_Sonatas/5-1,beethoven_op10_no1_mv1,asap:sund,0.6138387411960375,0.8188286049264759,0.34564829816138565,0.6770393205002512,0.6138387411960375
frozen,asap_Beethoven_Piano_Sonatas_5-1_Wong01,real,Beethoven/Piano_Sonatas/5-1,beethoven_op10_no1_mv1,asap:wong,0.6184479234445694,0.8700030009204374,0.3461844283515722,0.6391563410616988,0.6184479234445694
frozen,asap_Beethoven_Piano_Sonatas_7-1_Hebert01M,real,Beethoven/Piano_Sonatas/7-1,beethoven_op10_no3_mv1,asap:hebert,0.7111950104692557,0.8283089914056005,0.5649954961354252,0.7402805438667415,0.7111950104692557
frozen,asap_Beethoven_Piano_Sonatas_7-1_KOLESO01,real,Beethoven/Piano_Sonatas/7-1,beethoven_op10_no3_mv1,asap:koleso,0.732286050283279,0.8424426937149235,0.5971082960890313,0.7573071610458819,0.732286050283279
frozen,asap_Beethoven_Piano_Sonatas_7-1_Larionova04M,real,Beethoven/Piano_Sonatas/7-1,beethoven_op10_no3_mv1,asap:larionova,0.6622859367149336,0.8255799209310771,0.4873754441397305,0.6739024450739932,0.6622859367149336
frozen,asap_Beethoven_Piano_Sonatas_7-1_LeeS02M,real,Beethoven/Piano_Sonatas/7-1,beethoven_op10_no3_mv1,asap:lees,0.721303608100515,0.8107700931918008,0.5823209745927229,0.770819756517021,0.721303608100515
frozen,asap_Beethoven_Piano_Sonatas_7-1_Lee_E01,real,Beethoven/Piano_Sonatas/7-1,beethoven_op10_no3_mv1,asap:leee,0.7245776899629451,0.8102030796463754,0.6091342616380193,0.7543957286044412,0.7245776899629451
frozen,asap_Beethoven_Piano_Sonatas_7-1_MATSUM01,real,Beethoven/Piano_Sonatas/7-1,beethoven_op10_no3_mv1,asap:matsum,0.6295116822762783,0.7208061433027777,0.49558603008992674,0.6721428734361303,0.6295116822762783
frozen,asap_Beethoven_Piano_Sonatas_7-1_Wang02M,real,Beethoven/Piano_Sonatas/7-1,beethoven_op10_no3_mv1,asap:wang,0.6832796791809548,0.8109503226900996,0.527456618847474,0.7114320960052909,0.6832796791809548
frozen,asap_Beethoven_Piano_Sonatas_7-1_WangY01M,real,Beethoven/Piano_Sonatas/7-1,beethoven_op10_no3_mv1,asap:wangy,0.6684038015409629,0.7705189037925363,0.485255426124377,0.7494370747059754,0.6684038015409629
frozen,asap_Beethoven_Piano_Sonatas_7-1_ZhangE02M,real,Beethoven/Piano_Sonatas/7-1,beethoven_op10_no3_mv1,asap:zhange,0.7214565732057433,0.7997173728845004,0.6244887923550231,0.7401635543777064,0.7214565732057433
frozen,asap_Chopin_Etudes_op_25_4_Taverna02,real,Chopin/Etudes_op_25/4,chopin_op25_no4,asap:taverna,0.5155068297776451,0.631595085420298,0.4513429355319762,0.4635824683806611,0.5155068297776451
frozen,asap_Chopin_Etudes_op_25_4_UENO02,real,Chopin/Etudes_op_25/4,chopin_op25_no4,asap:ueno,0.47794987338687384,0.482306811004509,0.3444019565776292,0.6071408525784833,0.47794987338687384
frozen,asap_Chopin_Etudes_op_25_8_DeTurck02,real,Chopin/Etudes_op_25/8,chopin_op25_no8,asap:deturck,0.5594805153603599,0.6110341552590405,0.4425002120679866,0.6249071787540527,0.5594805153603599
frozen,asap_Chopin_Etudes_op_25_8_MORET03,real,Chopin/Etudes_op_25/8,chopin_op25_no8,asap:moret,0.5835453277965145,0.6087433212412379,0.48988439392206096,0.6520082682262445,0.5835453277965145
frozen,asap_Chopin_Etudes_op_25_8_SOLOM03,real,Chopin/Etudes_op_25/8,chopin_op25_no8,asap:solom,0.5565988349403036,0.6359302864451255,0.4569189432166362,0.5769472751591488,0.5565988349403036
frozen,asap_Chopin_Etudes_op_25_8_Toscano02,real,Chopin/Etudes_op_25/8,chopin_op25_no8,asap:toscano,0.5891117002984538,0.6129429375613527,0.5762515818447808,0.5781405814892281,0.5891117002984538
frozen,asap_Chopin_Sonata_3_4th_GarritsonL11M,real,Chopin/Sonata_3/4th,chopin_op58_mv4,asap:garritsonl,0.7173381390680066,0.7548361380689996,0.5668623455614649,0.8303159335735549,0.7173381390680066
frozen,asap_Chopin_Sonata_3_4th_HONG08,real,Chopin/Sonata_3/4th,chopin_op58_mv4,asap:hong,0.6985853098080526,0.7283493681479195,0.6098950026369585,0.7575115586392798,0.6985853098080526
frozen,asap_Chopin_Sonata_3_4th_HuangSW06M,real,Chopin/Sonata_3/4th,chopin_op58_mv4,asap:huangsw,0.6715740566854546,0.7077230477832392,0.5580136071595149,0.7489855151136091,0.6715740566854546
frozen,asap_Chopin_Sonata_3_4th_Huangci06,real,Chopin/Sonata_3/4th,chopin_op58_mv4,asap:huangci,0.7233356832138624,0.7496895379737541,0.652646942523436,0.7676705691443972,0.7233356832138624
frozen,asap_Chopin_Sonata_3_4th_KimSJ10M,real,Chopin/Sonata_3/4th,chopin_op58_mv4,asap:kimsj,0.7930581573375273,0.8195131225257041,0.7466155082613976,0.8130458412254804,0.7930581573375273
frozen,asap_Chopin_Sonata_3_4th_KimSY23M,real,Chopin/Sonata_3/4th,chopin_op58_mv4,asap:kimsy,0.7591066388792419,0.8211206019388363,0.6469713722201257,0.8092279424787637,0.7591066388792419
frozen,asap_Chopin_Sonata_3_4th_SCHU09,real,Chopin/Sonata_3/4th,chopin_op58_mv4,asap:schu,0.7101486162484908,0.756632733411435,0.6137083712058286,0.7601047441282089,0.7101486162484908
frozen,asap_Chopin_Sonata_3_4th_Shybayeva07,real,Chopin/Sonata_3/4th,chopin_op58_mv4,asap:shybayeva,0.7091465071616003,0.7332422267715845,0.6429140558896728,0.7512832388235436,0.7091465071616003
frozen,asap_Chopin_Sonata_3_4th_mikahailoff01,real,Chopin/Sonata_3/4th,chopin_op58_mv4,asap:mikahailoff,0.6794465133886919,0.7732111979335383,0.6115981600628426,0.6535301821696946,0.6794465133886919
frozen,asap_Haydn_Keyboard_Sonatas_48-2_GarritsonL03M,real,Haydn/Keyboard_Sonatas/48-2,asap:Haydn/Keyboard_Sonatas_48-2,asap:garritsonl,0.4287430048670728,0.5586879466286315,0.3486380052891223,0.37890306268346446,0.4287430048670728
frozen,asap_Haydn_Keyboard_Sonatas_48-2_PrjevalskayaM03M,real,Haydn/Keyboard_Sonatas/48-2,asap:Haydn/Keyboard_Sonatas_48-2,asap:prjevalskayam,0.42798529411564007,0.5038620579269537,0.38128492224013605,0.39880890217983045,0.42798529411564007
frozen,asap_Liszt_Transcendental_Etudes_10_CaoJ03M,real,Liszt/Transcendental_Etudes/10,liszt_s139_no10,asap:caoj,0.6236400138179486,0.7548966797245351,0.5001776866816843,0.6158456750476264,0.6236400138179486
frozen,asap_Liszt_Transcendental_Etudes_10_Goldberg02,real,Liszt/Transcendental_Etudes/10,liszt_s139_no10,asap:goldberg,0.6648494475527976,0.7711178580394175,0.6121828672205625,0.6112476173984132,0.6648494475527976
frozen,asap_Liszt_Transcendental_Etudes_10_HAGINO03,real,Liszt/Transcendental_Etudes/10,liszt_s139_no10,asap:hagino,0.6812717824932303,0.742299508333632,0.6222459877570824,0.6792698513889761,0.6812717824932303
frozen,asap_Liszt_Transcendental_Etudes_10_Huang17M,real,Liszt/Transcendental_Etudes/10,liszt_s139_no10,asap:huang,0.6110647510986377,0.7029277795420849,0.4698634307134494,0.6604030430403786,0.6110647510986377
frozen,asap_Liszt_Transcendental_Etudes_10_Hwang03,real,Liszt/Transcendental_Etudes/10,liszt_s139_no10,asap:hwang,0.6539137946374035,0.6598687956389229,0.6470580719763405,0.654814516296947,0.6539137946374035
frozen,asap_Liszt_Transcendental_Etudes_10_Kim02,real,Liszt/Transcendental_Etudes/10,liszt_s139_no10,asap:kim,0.7013178922603306,0.7982378688078372,0.5846477678713419,0.7210680401018129,0.7013178922603306
frozen,asap_Liszt_Transcendental_Etudes_10_Ladid02,real,Liszt/Transcendental_Etudes/10,liszt_s139_no10,asap:ladid,0.6381044905183115,0.7205910840764359,0.5172168281632825,0.676505559315216,0.6381044905183115
frozen,asap_Liszt_Transcendental_Etudes_10_LeungM06M,real,Liszt/Transcendental_Etudes/10,liszt_s139_no10,asap:leungm,0.6656809457259146,0.707012351095343,0.6047284283766612,0.6853020577057398,0.6656809457259146
frozen,asap_Liszt_Transcendental_Etudes_10_MCVEY02,real,Liszt/Transcendental_Etudes/10,liszt_s139_no10,asap:mcvey,0.6978509189948198,0.7914230346852318,0.6379274464400271,0.6642022758592004,0.6978509189948198
frozen,asap_Liszt_Transcendental_Etudes_10_MorozovY03,real,Liszt/Transcendental_Etudes/10,liszt_s139_no10,asap:morozovy,0.6638774094934004,0.7368789841398682,0.633127963378739,0.6216252809615938,0.6638774094934004
frozen,asap_Liszt_Transcendental_Etudes_10_Qin03,real,Liszt/Transcendental_Etudes/10,liszt_s139_no10,asap:qin,0.6643166196814911,0.6719667725999264,0.5862805034477079,0.734702582996839,0.6643166196814911
frozen,asap_Liszt_Transcendental_Etudes_10_SUDBIN02,real,Liszt/Transcendental_Etudes/10,liszt_s139_no10,asap:sudbin,0.6620470549109813,0.7110357084007299,0.6108309111410943,0.6642745451911196,0.6620470549109813
frozen,asap_Liszt_Transcendental_Etudes_10_Shamray02,real,Liszt/Transcendental_Etudes/10,liszt_s139_no10,asap:shamray,0.644430927117951,0.6817491660522091,0.6216395885855301,0.6299040267161138,0.644430927117951
frozen,asap_Liszt_Transcendental_Etudes_10_Tran02,real,Liszt/Transcendental_Etudes/10,liszt_s139_no10,asap:tran,0.6031381462221205,0.6436381817459981,0.5152376730651638,0.6505385838551994,0.6031381462221205
frozen,asap_Liszt_Transcendental_Etudes_10_Uiasiuk03,real,Liszt/Transcendental_Etudes/10,liszt_s139_no10,asap:uiasiuk,0.635344916340851,0.7272833475606909,0.5140794560865454,0.6646719453753166,0.635344916340851
frozen,asap_Liszt_Transcendental_Etudes_10_Yeletskiy03,real,Liszt/Transcendental_Etudes/10,liszt_s139_no10,asap:yeletskiy,0.6415672778966603,0.7540318730433322,0.5684496901471521,0.6022202704994968,0.6415672778966603
frozen,asap_Mozart_Piano_Sonatas_12-2_MunA04,real,Mozart/Piano_Sonatas/12-2,mozart_k332_mv2,asap:muna,0.6745481515922088,0.8061539811162023,0.44988470363879296,0.7676057700216314,0.6745481515922088
frozen,asap_Mozart_Piano_Sonatas_12-2_WuuE03,real,Mozart/Piano_Sonatas/12-2,mozart_k332_mv2,asap:wuue,0.6882308463815366,0.8536422477541292,0.4385435517821461,0.7725067396083346,0.6882308463815366
frozen,asap_Mozart_Piano_Sonatas_8-1_Bogdanovitch01,real,Mozart/Piano_Sonatas/8-1,mozart_k310_mv1,asap:bogdanovitch,0.5591648428999038,0.7469135818555984,0.28114501718277957,0.6494359296613333,0.5591648428999038
frozen,asap_Mozart_Piano_Sonatas_8-1_Jia01,real,Mozart/Piano_Sonatas/8-1,mozart_k310_mv1,asap:jia,0.5580544915894722,0.6691085343092092,0.35615928586818,0.6488956545910273,0.5580544915894722
frozen,asap_Mozart_Piano_Sonatas_8-1_LEE_J03,real,Mozart/Piano_Sonatas/8-1,mozart_k310_mv1,asap:leej,0.5709164725633081,0.7504516208779201,0.24505731278952933,0.7172404840224752,0.5709164725633081
frozen,asap_Mozart_Piano_Sonatas_8-1_Lo01,real,Mozart/Piano_Sonatas/8-1,mozart_k310_mv1,asap:lo,0.5971861950969789,0.769118932998507,0.32675990046788805,0.6956797518245419,0.5971861950969789
frozen,asap_Mozart_Piano_Sonatas_8-1_Rozanski02,real,Mozart/Piano_Sonatas/8-1,mozart_k310_mv1,asap:rozanski,0.5758777284244571,0.7656408823593025,0.28948303778674345,0.6725092651273253,0.5758777284244571
E,asap_Bach_Fugue_bwv_854_LuA01M,real,Bach/Fugue/bwv_854,bach_bwv854_fugue,asap:lua,0.4543088938946553,0.43086582918980365,0.5855538905291346,0.3465069619650276,0.4543088938946553
E,asap_Bach_Fugue_bwv_854_MiyashitaM01M,real,Bach/Fugue/bwv_854,bach_bwv854_fugue,asap:miyashitam,0.4855666126848773,0.4404666525815666,0.6888201360837728,0.3274130493892926,0.4855666126848773
E,asap_Bach_Fugue_bwv_854_Ozaki01M,real,Bach/Fugue/bwv_854,bach_bwv854_fugue,asap:ozaki,0.4672983657314964,0.5477094632235685,0.5191388564607193,0.33504677751020157,0.4672983657314964
E,asap_Bach_Fugue_bwv_854_Richardson01M,real,Bach/Fugue/bwv_854,bach_bwv854_fugue,asap:richardson,0.48994751267604814,0.5016093108282863,0.639496499800054,0.32873672739980403,0.48994751267604814
E,asap_Bach_Fugue_bwv_854_WangA01M,real,Bach/Fugue/bwv_854,bach_bwv854_fugue,asap:wanga,0.4948265250868627,0.5003053188692241,0.6862656281310976,0.2979086282602664,0.4948265250868627
E,asap_Bach_Fugue_bwv_864_SunD01M,real,Bach/Fugue/bwv_864,bach_bwv864_fugue,asap:sund,0.3170978896480718,0.3585708412500243,0.37811073942801465,0.21461208826617653,0.3170978896480718
E,asap_Bach_Italian_concerto_KyykhynenT03,real,Bach/Italian_concerto,asap:Bach/Italian_concerto,asap:kyykhynent,0.5266258227546453,0.8574306723261176,0.27968844571832613,0.44275835021949234,0.5266258227546453
E,asap_Bach_Italian_concerto_LeeN07,real,Bach/Italian_concerto,asap:Bach/Italian_concerto,asap:leen,0.5634325950818014,0.8750193850603748,0.25965872837667064,0.555619671808359,0.5634325950818014
E,asap_Bach_Italian_concerto_TanakaM03,real,Bach/Italian_concerto,asap:Bach/Italian_concerto,asap:tanakam,0.5839691813950597,0.8197633492637111,0.4469441833323687,0.4852000115890996,0.5839691813950597
E,asap_Bach_Prelude_bwv_885_Chon02,real,Bach/Prelude/bwv_885,bach_bwv885_prelude,asap:chon,0.1255280218253975,0.34571946191710196,-0.05614848382565977,0.08701308738475036,0.1255280218253975
E,asap_Bach_Prelude_bwv_885_Guo01M,real,Bach/Prelude/bwv_885,bach_bwv885_prelude,asap:guo,0.03651243869666283,0.27369072056287186,-0.1859810509814699,0.02182764650858653,0.03651243869666283
E,asap_Bach_Prelude_bwv_885_Huang04M,real,Bach/Prelude/bwv_885,bach_bwv885_prelude,asap:huang,0.1690685634720882,0.33410437694473616,0.20012602206121666,-0.02702470858968819,0.1690685634720882
E,asap_Bach_Prelude_bwv_885_JeonH01M,real,Bach/Prelude/bwv_885,bach_bwv885_prelude,asap:jeonh,0.16623906474500375,0.46983020191926406,-0.0602077257375841,0.08909471805333125,0.16623906474500375
E,asap_Bach_Prelude_bwv_885_SINKEV01,real,Bach/Prelude/bwv_885,bach_bwv885_prelude,asap:sinkev,0.08082230336855245,0.5109505521907228,0.1060483169959319,-0.37453195908099735,0.08082230336855245
E,asap_Bach_Prelude_bwv_885_SINKEV06,real,Bach/Prelude/bwv_885,bach_bwv885_prelude,asap:sinkev,0.14211909971942474,0.5236235068891344,0.18520548195348172,-0.2824716896843419,0.14211909971942474
E,asap_Beethoven_Piano_Sonatas_1-1_KimG01,real,Beethoven/Piano_Sonatas/1-1,beethoven_op2_no1_mv1,asap:kimg,0.6164804861546158,0.6372337579096681,0.4669482345159742,0.7452594660382054,0.6164804861546158
E,asap_Beethoven_Piano_Sonatas_2-1_Kochetkova01,real,Beethoven/Piano_Sonatas/2-1,beethoven_op2_no2_mv1,asap:kochetkova,0.5714448616608565,0.7903808651662481,0.16416268640845597,0.7597910334078654,0.5714448616608565
E,asap_Beethoven_Piano_Sonatas_2-1_OUSSET01,real,Beethoven/Piano_Sonatas/2-1,beethoven_op2_no2_mv1,asap:ousset,0.6300967742849453,0.7607396215263204,0.3532487780453132,0.7763019232832022,0.6300967742849453
E,asap_Beethoven_Piano_Sonatas_2-1_Yang02,real,Beethoven/Piano_Sonatas/2-1,beethoven_op2_no2_mv1,asap:yang,0.6755484674384764,0.8033789956098559,0.41557709588947,0.8076893108161034,0.6755484674384764
E,asap_Beethoven_Piano_Sonatas_4-1_BENABD01,real,Beethoven/Piano_Sonatas/4-1,beethoven_op7_mv1,asap:benabd,0.5414939284923876,0.7287740382562095,0.19119932640642662,0.7045084208145269,0.5414939284923876
E,asap_Beethoven_Piano_Sonatas_4-1_Benabdallah01,real,Beethoven/Piano_Sonatas/4-1,beethoven_op7_mv1,asap:benabdallah,0.5566094344685376,0.7638397307686201,0.1447009906521117,0.7612875819848812,0.5566094344685376
E,asap_Beethoven_Piano_Sonatas_4-1_CaiC01,real,Beethoven/Piano_Sonatas/4-1,beethoven_op7_mv1,asap:caic,0.5929116224336068,0.7362031949469668,0.3212321813813997,0.721299490972454,0.5929116224336068
E,asap_Beethoven_Piano_Sonatas_4-1_Chon03M,real,Beethoven/Piano_Sonatas/4-1,beethoven_op7_mv1,asap:chon,0.5601236824234294,0.689233803117931,0.2070381718408813,0.7840990723114756,0.5601236824234294
E,asap_Beethoven_Piano_Sonatas_4-1_LeeE02M,real,Beethoven/Piano_Sonatas/4-1,beethoven_op7_mv1,asap:leee,0.5278184511832574,0.714555528361329,0.11639245451202966,0.7525073706764137,0.5278184511832574
E,asap_Beethoven_Piano_Sonatas_4-1_LiA04M,real,Beethoven/Piano_Sonatas/4-1,beethoven_op7_mv1,asap:lia,0.5671912598261728,0.7069417237438281,0.21860844511179073,0.7760236106228996,0.5671912598261728
E,asap_Beethoven_Piano_Sonatas_4-1_Shamray01,real,Beethoven/Piano_Sonatas/4-1,beethoven_op7_mv1,asap:shamray,0.5218497534910338,0.6989285144083285,0.2285525546900004,0.6380681913747726,0.5218497534910338
E,asap_Beethoven_Piano_Sonatas_4-1_SirajA02M,real,Beethoven/Piano_Sonatas/4-1,beethoven_op7_mv1,asap:siraja,0.5230914160131183,0.7191557862688438,0.140287767152901,0.7098306946176102,0.5230914160131183
E,asap_Beethoven_Piano_Sonatas_4-1_Zhao01,real,Beethoven/Piano_Sonatas/4-1,beethoven_op7_mv1,asap:zhao,0.6370296614487502,0.7623636000102908,0.36435339950977,0.7843719848261896,0.6370296614487502
E,asap_Beethoven_Piano_Sonatas_5-1_Colafelice02M,real,Beethoven/Piano_Sonatas/5-1,beethoven_op10_no1_mv1,asap:colafelice,0.5472429965520186,0.7923503914346651,0.4399857466107792,0.4093928516106114,0.5472429965520186
E,asap_Beethoven_Piano_Sonatas_5-1_SunD02M,real,Beethoven/Piano_Sonatas/5-1,beethoven_op10_no1_mv1,asap:sund,0.5541596870331378,0.7728853980088223,0.33001469373239334,0.5595789693581977,0.5541596870331378
E,asap_Beethoven_Piano_Sonatas_5-1_Wong01,real,Beethoven/Piano_Sonatas/5-1,beethoven_op10_no1_mv1,asap:wong,0.5772559255400219,0.8536487527274776,0.3768277040247907,0.5012913198677975,0.5772559255400219
E,asap_Beethoven_Piano_Sonatas_7-1_Hebert01M,real,Beethoven/Piano_Sonatas/7-1,beethoven_op10_no3_mv1,asap:hebert,0.6042322729217601,0.8044818165411306,0.3263523052109041,0.6818626970132455,0.6042322729217601
E,asap_Beethoven_Piano_Sonatas_7-1_KOLESO01,real,Beethoven/Piano_Sonatas/7-1,beethoven_op10_no3_mv1,asap:koleso,0.6371744082408312,0.7991773589608563,0.42360716632047624,0.6887386994411608,0.6371744082408312
E,asap_Beethoven_Piano_Sonatas_7-1_Larionova04M,real,Beethoven/Piano_Sonatas/7-1,beethoven_op10_no3_mv1,asap:larionova,0.6379755407225435,0.7534899250929806,0.5120231013717996,0.6484135957028501,0.6379755407225435
E,asap_Beethoven_Piano_Sonatas_7-1_LeeS02M,real,Beethoven/Piano_Sonatas/7-1,beethoven_op10_no3_mv1,asap:lees,0.6106230545296305,0.7437439269153393,0.3959368539570708,0.6921883827164814,0.6106230545296305
E,asap_Beethoven_Piano_Sonatas_7-1_Lee_E01,real,Beethoven/Piano_Sonatas/7-1,beethoven_op10_no3_mv1,asap:leee,0.6514069224992259,0.774186031286702,0.46119592308621243,0.718838813124763,0.6514069224992259
E,asap_Beethoven_Piano_Sonatas_7-1_MATSUM01,real,Beethoven/Piano_Sonatas/7-1,beethoven_op10_no3_mv1,asap:matsum,0.5716866521789585,0.7015840969151483,0.40669557820704155,0.6067802814146855,0.5716866521789585
E,asap_Beethoven_Piano_Sonatas_7-1_Wang02M,real,Beethoven/Piano_Sonatas/7-1,beethoven_op10_no3_mv1,asap:wang,0.5602605967736469,0.7549784877410178,0.28627437400124783,0.6395289285786752,0.5602605967736469
E,asap_Beethoven_Piano_Sonatas_7-1_WangY01M,real,Beethoven/Piano_Sonatas/7-1,beethoven_op10_no3_mv1,asap:wangy,0.6092052846077181,0.704417151308904,0.3995713535797511,0.723627348934499,0.6092052846077181
E,asap_Beethoven_Piano_Sonatas_7-1_ZhangE02M,real,Beethoven/Piano_Sonatas/7-1,beethoven_op10_no3_mv1,asap:zhange,0.6301953766075558,0.7660533649797506,0.4444660222111483,0.680066742631768,0.6301953766075558
E,asap_Chopin_Etudes_op_25_4_Taverna02,real,Chopin/Etudes_op_25/4,chopin_op25_no4,asap:taverna,0.39870650664227303,0.5800937923553325,0.4580346948761957,0.157991032695291,0.39870650664227303
E,asap_Chopin_Etudes_op_25_4_UENO02,real,Chopin/Etudes_op_25/4,chopin_op25_no4,asap:ueno,0.32599669416608135,0.41968823782324294,0.3298098185713947,0.22849202610360644,0.32599669416608135
E,asap_Chopin_Etudes_op_25_8_DeTurck02,real,Chopin/Etudes_op_25/8,chopin_op25_no8,asap:deturck,0.41659579140102876,0.6205894772999264,0.4005609588504601,0.2286369380526999,0.41659579140102876
E,asap_Chopin_Etudes_op_25_8_MORET03,real,Chopin/Etudes_op_25/8,chopin_op25_no8,asap:moret,0.3942717073774578,0.45418142359846836,0.3634599338193994,0.36517376471450574,0.3942717073774578
E,asap_Chopin_Etudes_op_25_8_SOLOM03,real,Chopin/Etudes_op_25/8,chopin_op25_no8,asap:solom,0.38167220761118337,0.5525802368992352,0.38297317337014797,0.20946321256416678,0.38167220761118337
E,asap_Chopin_Etudes_op_25_8_Toscano02,real,Chopin/Etudes_op_25/8,chopin_op25_no8,asap:toscano,0.4481704444756828,0.5495528407089038,0.5060046974980248,0.2889537952201197,0.4481704444756828
E,asap_Chopin_Sonata_3_4th_GarritsonL11M,real,Chopin/Sonata_3/4th,chopin_op58_mv4,asap:garritsonl,0.5192965664180327,0.7190099144705203,0.29127958209597893,0.5476002026875989,0.5192965664180327
E,asap_Chopin_Sonata_3_4th_HONG08,real,Chopin/Sonata_3/4th,chopin_op58_mv4,asap:hong,0.5494469486587638,0.6814990550963606,0.424166089640919,0.5426757012390117,0.5494469486587638
E,asap_Chopin_Sonata_3_4th_HuangSW06M,real,Chopin/Sonata_3/4th,chopin_op58_mv4,asap:huangsw,0.540062633399686,0.6740121780511634,0.4594695430026355,0.4867061791452589,0.540062633399686
E,asap_Chopin_Sonata_3_4th_Huangci06,real,Chopin/Sonata_3/4th,chopin_op58_mv4,asap:huangci,0.5569685961113655,0.7013466559246458,0.4149854892035455,0.5545736432059052,0.5569685961113655
E,asap_Chopin_Sonata_3_4th_KimSJ10M,real,Chopin/Sonata_3/4th,chopin_op58_mv4,asap:kimsj,0.6483099539018887,0.7654689874836169,0.6124997354314203,0.5669611387906288,0.6483099539018887
E,asap_Chopin_Sonata_3_4th_KimSY23M,real,Chopin/Sonata_3/4th,chopin_op58_mv4,asap:kimsy,0.5482532580816325,0.7692839616026894,0.3685342785549341,0.5069415340872738,0.5482532580816325
E,asap_Chopin_Sonata_3_4th_SCHU09,real,Chopin/Sonata_3/4th,chopin_op58_mv4,asap:schu,0.5278990108144037,0.6872551747880923,0.38580527208265386,0.5106365855724652,0.5278990108144037
E,asap_Chopin_Sonata_3_4th_Shybayeva07,real,Chopin/Sonata_3/4th,chopin_op58_mv4,asap:shybayeva,0.5408479154723694,0.7153449385952682,0.409265889368219,0.4979329184536209,0.5408479154723694
E,asap_Chopin_Sonata_3_4th_mikahailoff01,real,Chopin/Sonata_3/4th,chopin_op58_mv4,asap:mikahailoff,0.49901964635276125,0.7239419443517767,0.36428193006920856,0.40883506463729846,0.49901964635276125
E,asap_Haydn_Keyboard_Sonatas_48-2_GarritsonL03M,real,Haydn/Keyboard_Sonatas/48-2,asap:Haydn/Keyboard_Sonatas_48-2,asap:garritsonl,0.5169384353140982,0.6320358438451095,0.41606832839219615,0.5027111337049889,0.5169384353140982
E,asap_Haydn_Keyboard_Sonatas_48-2_PrjevalskayaM03M,real,Haydn/Keyboard_Sonatas/48-2,asap:Haydn/Keyboard_Sonatas_48-2,asap:prjevalskayam,0.47139710724473477,0.5981335890557741,0.39894637403472044,0.4171113586437099,0.47139710724473477
E,asap_Liszt_Transcendental_Etudes_10_CaoJ03M,real,Liszt/Transcendental_Etudes/10,liszt_s139_no10,asap:caoj,0.5035423900808428,0.667149070730173,0.42589963761168464,0.41757846190067055,0.5035423900808428
E,asap_Liszt_Transcendental_Etudes_10_Goldberg02,real,Liszt/Transcendental_Etudes/10,liszt_s139_no10,asap:goldberg,0.46054697299232245,0.5816004670728113,0.4097217175824884,0.39031873432166775,0.46054697299232245
E,asap_Liszt_Transcendental_Etudes_10_HAGINO03,real,Liszt/Transcendental_Etudes/10,liszt_s139_no10,asap:hagino,0.531645962237034,0.666910943333758,0.4399861413154324,0.48804080206191164,0.531645962237034
E,asap_Liszt_Transcendental_Etudes_10_Huang17M,real,Liszt/Transcendental_Etudes/10,liszt_s139_no10,asap:huang,0.5654921788538542,0.6910378837807388,0.4639286543423286,0.5415099984384951,0.5654921788538542
E,asap_Liszt_Transcendental_Etudes_10_Hwang03,real,Liszt/Transcendental_Etudes/10,liszt_s139_no10,asap:hwang,0.4941945223290121,0.5529811133823715,0.4994504744252373,0.4301519791794276,0.4941945223290121
E,asap_Liszt_Transcendental_Etudes_10_Kim02,real,Liszt/Transcendental_Etudes/10,liszt_s139_no10,asap:kim,0.5550731108065602,0.6915635976945518,0.4294247978787838,0.544230936846345,0.5550731108065602
E,asap_Liszt_Transcendental_Etudes_10_Ladid02,real,Liszt/Transcendental_Etudes/10,liszt_s139_no10,asap:ladid,0.4923352459118096,0.6246072632174404,0.40614469149204213,0.4462537830259463,0.4923352459118096
E,asap_Liszt_Transcendental_Etudes_10_LeungM06M,real,Liszt/Transcendental_Etudes/10,liszt_s139_no10,asap:leungm,0.5241705965752056,0.6106996021903065,0.43908571799043833,0.5227264695448722,0.5241705965752056
E,asap_Liszt_Transcendental_Etudes_10_MCVEY02,real,Liszt/Transcendental_Etudes/10,liszt_s139_no10,asap:mcvey,0.5635802740475885,0.6594312236289412,0.47673020860366033,0.5545793899101635,0.5635802740475885
E,asap_Liszt_Transcendental_Etudes_10_MorozovY03,real,Liszt/Transcendental_Etudes/10,liszt_s139_no10,asap:morozovy,0.4963310808269977,0.6237718541127795,0.434398368625486,0.43082301974272763,0.4963310808269977
E,asap_Liszt_Transcendental_Etudes_10_Qin03,real,Liszt/Transcendental_Etudes/10,liszt_s139_no10,asap:qin,0.5220273326201771,0.6025377798724052,0.4841904792322954,0.4793537387558305,0.5220273326201771
E,asap_Liszt_Transcendental_Etudes_10_SUDBIN02,real,Liszt/Transcendental_Etudes/10,liszt_s139_no10,asap:sudbin,0.4585156013554636,0.5586802112432303,0.432946925870723,0.3839196669524374,0.4585156013554636
E,asap_Liszt_Transcendental_Etudes_10_Shamray02,real,Liszt/Transcendental_Etudes/10,liszt_s139_no10,asap:shamray,0.4922965870057448,0.6110869531699501,0.44676039234360415,0.4190424155036803,0.4922965870057448
E,asap_Liszt_Transcendental_Etudes_10_Tran02,real,Liszt/Transcendental_Etudes/10,liszt_s139_no10,asap:tran,0.4906777913716928,0.5569328414658745,0.4427061129943986,0.4723944196548053,0.4906777913716928
E,asap_Liszt_Transcendental_Etudes_10_Uiasiuk03,real,Liszt/Transcendental_Etudes/10,liszt_s139_no10,asap:uiasiuk,0.46556707427387095,0.5761219911218378,0.3721273484928018,0.44845188320697327,0.46556707427387095
E,asap_Liszt_Transcendental_Etudes_10_Yeletskiy03,real,Liszt/Transcendental_Etudes/10,liszt_s139_no10,asap:yeletskiy,0.4472503401783312,0.54976498449934,0.3632764224419409,0.42870961359371274,0.4472503401783312
E,asap_Mozart_Piano_Sonatas_12-2_MunA04,real,Mozart/Piano_Sonatas/12-2,mozart_k332_mv2,asap:muna,0.602874413918541,0.8190230064996166,0.299534300787315,0.6900659344686914,0.602874413918541
E,asap_Mozart_Piano_Sonatas_12-2_WuuE03,real,Mozart/Piano_Sonatas/12-2,mozart_k332_mv2,asap:wuue,0.6344175119262564,0.8627856381857617,0.3149737929516607,0.7254931046413469,0.6344175119262564
E,asap_Mozart_Piano_Sonatas_8-1_Bogdanovitch01,real,Mozart/Piano_Sonatas/8-1,mozart_k310_mv1,asap:bogdanovitch,0.5593315907396861,0.784879467525767,0.30837893603440975,0.5847363686588816,0.5593315907396861
E,asap_Mozart_Piano_Sonatas_8-1_Jia01,real,Mozart/Piano_Sonatas/8-1,mozart_k310_mv1,asap:jia,0.5613139545554138,0.7007418941601022,0.3273086068063593,0.6558913626997798,0.5613139545554138
E,asap_Mozart_Piano_Sonatas_8-1_LEE_J03,real,Mozart/Piano_Sonatas/8-1,mozart_k310_mv1,asap:leej,0.5719777774318181,0.7758870097228073,0.25267338624819785,0.6873729363244491,0.5719777774318181
E,asap_Mozart_Piano_Sonatas_8-1_Lo01,real,Mozart/Piano_Sonatas/8-1,mozart_k310_mv1,asap:lo,0.5921948188244445,0.7700986483519149,0.31820563433487464,0.6882801737865438,0.5921948188244445
E,asap_Mozart_Piano_Sonatas_8-1_Rozanski02,real,Mozart/Piano_Sonatas/8-1,mozart_k310_mv1,asap:rozanski,0.5635856526820348,0.737319318734699,0.2671227819428923,0.686314857368513,0.5635856526820348
pt_frozen,asap_Bach_Fugue_bwv_854_LuA01M,real,Bach/Fugue/bwv_854,bach_bwv854_fugue,asap:lua,0.5273705839589667,0.4131935290563283,0.5823763810722951,0.5865418417482767,0.5273705839589667
pt_frozen,asap_Bach_Fugue_bwv_854_MiyashitaM01M,real,Bach/Fugue/bwv_854,bach_bwv854_fugue,asap:miyashitam,0.515210922116814,0.42963341220466894,0.6140419239833241,0.5019574301624488,0.515210922116814
pt_frozen,asap_Bach_Fugue_bwv_854_Ozaki01M,real,Bach/Fugue/bwv_854,bach_bwv854_fugue,asap:ozaki,0.5619340446725993,0.5363621973100546,0.5299977709903192,0.6194421657174239,0.5619340446725993
pt_frozen,asap_Bach_Fugue_bwv_854_Richardson01M,real,Bach/Fugue/bwv_854,bach_bwv854_fugue,asap:richardson,0.5128237899619839,0.5131343364765695,0.5050622481221227,0.5202747852872595,0.5128237899619839
pt_frozen,asap_Bach_Fugue_bwv_854_WangA01M,real,Bach/Fugue/bwv_854,bach_bwv854_fugue,asap:wanga,0.5452816319551409,0.4625104230461198,0.60639835176851,0.566936121050793,0.5452816319551409
pt_frozen,asap_Bach_Fugue_bwv_864_SunD01M,real,Bach/Fugue/bwv_864,bach_bwv864_fugue,asap:sund,0.2477585711222697,0.4514923890230449,-0.18961796683850515,0.48140129118226943,0.2477585711222697
pt_frozen,asap_Bach_Italian_concerto_KyykhynenT03,real,Bach/Italian_concerto,asap:Bach/Italian_concerto,asap:kyykhynent,0.62163069934689,0.8190064389342867,0.5540383680994801,0.4918472910069029,0.62163069934689
pt_frozen,asap_Bach_Italian_concerto_LeeN07,real,Bach/Italian_concerto,asap:Bach/Italian_concerto,asap:leen,0.5260489169133622,0.8520646133430709,0.1864242389202619,0.5396578984767537,0.5260489169133622
pt_frozen,asap_Bach_Italian_concerto_TanakaM03,real,Bach/Italian_concerto,asap:Bach/Italian_concerto,asap:tanakam,0.5384022545506345,0.7888397095748169,0.3730112444138711,0.4533558096632156,0.5384022545506345
pt_frozen,asap_Bach_Prelude_bwv_885_Chon02,real,Bach/Prelude/bwv_885,bach_bwv885_prelude,asap:chon,-0.02692079618945012,0.5022741763787074,-0.5496749304604657,-0.0333616344865921,-0.02692079618945012
pt_frozen,asap_Bach_Prelude_bwv_885_Guo01M,real,Bach/Prelude/bwv_885,bach_bwv885_prelude,asap:guo,-0.13496694384627386,0.2882973351441208,-0.6345379078411904,-0.05866025884175205,-0.13496694384627386
pt_frozen,asap_Bach_Prelude_bwv_885_Huang04M,real,Bach/Prelude/bwv_885,bach_bwv885_prelude,asap:huang,-0.01781209908091851,0.3626095877605809,-0.3216722482194596,-0.09437363678387681,-0.01781209908091851
pt_frozen,asap_Bach_Prelude_bwv_885_JeonH01M,real,Bach/Prelude/bwv_885,bach_bwv885_prelude,asap:jeonh,0.06249779396348512,0.5709117615150119,-0.39757350649625267,0.01415512687169616,0.06249779396348512
pt_frozen,asap_Bach_Prelude_bwv_885_SINKEV01,real,Bach/Prelude/bwv_885,bach_bwv885_prelude,asap:sinkev,-0.147355790187683,0.39357766352353024,-0.4558480525959905,-0.37979698149058877,-0.147355790187683
pt_frozen,asap_Bach_Prelude_bwv_885_SINKEV06,real,Bach/Prelude/bwv_885,bach_bwv885_prelude,asap:sinkev,-0.08225113360994273,0.37618498502255954,-0.33510155001663117,-0.28783683583575653,-0.08225113360994273
pt_frozen,asap_Beethoven_Piano_Sonatas_1-1_KimG01,real,Beethoven/Piano_Sonatas/1-1,beethoven_op2_no1_mv1,asap:kimg,0.5260367000494375,0.5550191861407372,0.37396020559853965,0.6491307084090358,0.5260367000494375
pt_frozen,asap_Beethoven_Piano_Sonatas_2-1_Kochetkova01,real,Beethoven/Piano_Sonatas/2-1,beethoven_op2_no2_mv1,asap:kochetkova,0.4204410570667895,0.5418326708490887,0.23622883785542767,0.48326166249585206,0.4204410570667895
pt_frozen,asap_Beethoven_Piano_Sonatas_2-1_OUSSET01,real,Beethoven/Piano_Sonatas/2-1,beethoven_op2_no2_mv1,asap:ousset,0.39858170391689124,0.5647818406955883,0.21284716618048444,0.418116104874601,0.39858170391689124
pt_frozen,asap_Beethoven_Piano_Sonatas_2-1_Yang02,real,Beethoven/Piano_Sonatas/2-1,beethoven_op2_no2_mv1,asap:yang,0.3881887481689674,0.5586984523637677,0.05536139270241721,0.5505063994407173,0.3881887481689674
pt_frozen,asap_Beethoven_Piano_Sonatas_4-1_BENABD01,real,Beethoven/Piano_Sonatas/4-1,beethoven_op7_mv1,asap:benabd,0.38567307820380475,0.44716320140024257,0.19373398440204864,0.5161220488091233,0.38567307820380475
pt_frozen,asap_Beethoven_Piano_Sonatas_4-1_Benabdallah01,real,Beethoven/Piano_Sonatas/4-1,beethoven_op7_mv1,asap:benabdallah,0.3746205368604994,0.4847407947636828,0.09827394322275894,0.5408468725950565,0.3746205368604994
pt_frozen,asap_Beethoven_Piano_Sonatas_4-1_CaiC01,real,Beethoven/Piano_Sonatas/4-1,beethoven_op7_mv1,asap:caic,0.46339514879897975,0.4674616041400076,0.42780335917431667,0.4949204830826149,0.46339514879897975
pt_frozen,asap_Beethoven_Piano_Sonatas_4-1_Chon03M,real,Beethoven/Piano_Sonatas/4-1,beethoven_op7_mv1,asap:chon,0.3895789157022773,0.4896775543540626,0.15108876326655266,0.5279704294862166,0.3895789157022773
pt_frozen,asap_Beethoven_Piano_Sonatas_4-1_LeeE02M,real,Beethoven/Piano_Sonatas/4-1,beethoven_op7_mv1,asap:leee,0.3742247955220624,0.5110536394463776,0.1114465565274475,0.5001741905923621,0.3742247955220624
pt_frozen,asap_Beethoven_Piano_Sonatas_4-1_LiA04M,real,Beethoven/Piano_Sonatas/4-1,beethoven_op7_mv1,asap:lia,0.3879877065990331,0.40446132951931685,0.20327193198486637,0.5562298582929158,0.3879877065990331
pt_frozen,asap_Beethoven_Piano_Sonatas_4-1_Shamray01,real,Beethoven/Piano_Sonatas/4-1,beethoven_op7_mv1,asap:shamray,0.3924729692224092,0.50877871320191,0.23200075328353742,0.4366394411817803,0.3924729692224092
pt_frozen,asap_Beethoven_Piano_Sonatas_4-1_SirajA02M,real,Beethoven/Piano_Sonatas/4-1,beethoven_op7_mv1,asap:siraja,0.41119788180088407,0.5457363052631676,0.12533334175363406,0.5625239983858503,0.41119788180088407
pt_frozen,asap_Beethoven_Piano_Sonatas_4-1_Zhao01,real,Beethoven/Piano_Sonatas/4-1,beethoven_op7_mv1,asap:zhao,0.4941054105408629,0.5848698379263569,0.35100466267593294,0.5464417310202986,0.4941054105408629
pt_frozen,asap_Beethoven_Piano_Sonatas_5-1_Colafelice02M,real,Beethoven/Piano_Sonatas/5-1,beethoven_op10_no1_mv1,asap:colafelice,0.4609859712240289,0.6803393243489243,0.40310951649855004,0.2995090728246123,0.4609859712240289
pt_frozen,asap_Beethoven_Piano_Sonatas_5-1_SunD02M,real,Beethoven/Piano_Sonatas/5-1,beethoven_op10_no1_mv1,asap:sund,0.5192063697845777,0.5938206725638846,0.43729507416380886,0.5265033626260397,0.5192063697845777
pt_frozen,asap_Beethoven_Piano_Sonatas_5-1_Wong01,real,Beethoven/Piano_Sonatas/5-1,beethoven_op10_no1_mv1,asap:wong,0.452416062391072,0.5798386245380978,0.2286971004844579,0.5487124621506604,0.452416062391072
pt_frozen,asap_Beethoven_Piano_Sonatas_7-1_Hebert01M,real,Beethoven/Piano_Sonatas/7-1,beethoven_op10_no3_mv1,asap:hebert,0.43409872251713205,0.6671428060817397,0.08922231488158835,0.5459310465880681,0.43409872251713205
pt_frozen,asap_Beethoven_Piano_Sonatas_7-1_KOLESO01,real,Beethoven/Piano_Sonatas/7-1,beethoven_op10_no3_mv1,asap:koleso,0.47867724580234733,0.6541698734550243,0.1775322643188298,0.6043295996331879,0.47867724580234733
pt_frozen,asap_Beethoven_Piano_Sonatas_7-1_Larionova04M,real,Beethoven/Piano_Sonatas/7-1,beethoven_op10_no3_mv1,asap:larionova,0.606245816873586,0.6843268495650431,0.572161087861014,0.5622495131947008,0.606245816873586
pt_frozen,asap_Beethoven_Piano_Sonatas_7-1_LeeS02M,real,Beethoven/Piano_Sonatas/7-1,beethoven_op10_no3_mv1,asap:lees,0.5111501716548208,0.6863420364382525,0.3384070389534822,0.5087014395727277,0.5111501716548208
pt_frozen,asap_Beethoven_Piano_Sonatas_7-1_Lee_E01,real,Beethoven/Piano_Sonatas/7-1,beethoven_op10_no3_mv1,asap:leee,0.5261945892779836,0.6731158617497622,0.3129650367611015,0.5925028693230868,0.5261945892779836
pt_frozen,asap_Beethoven_Piano_Sonatas_7-1_MATSUM01,real,Beethoven/Piano_Sonatas/7-1,beethoven_op10_no3_mv1,asap:matsum,0.4718602649760945,0.5906172191013305,0.3920509394243079,0.43291263640264505,0.4718602649760945
pt_frozen,asap_Beethoven_Piano_Sonatas_7-1_Wang02M,real,Beethoven/Piano_Sonatas/7-1,beethoven_op10_no3_mv1,asap:wang,0.35420061041446754,0.6187902184779299,0.011349381033361337,0.43246223173211135,0.35420061041446754
pt_frozen,asap_Beethoven_Piano_Sonatas_7-1_WangY01M,real,Beethoven/Piano_Sonatas/7-1,beethoven_op10_no3_mv1,asap:wangy,0.4441527544704014,0.6528650941257812,0.11220181263452597,0.567391356650897,0.4441527544704014
pt_frozen,asap_Beethoven_Piano_Sonatas_7-1_ZhangE02M,real,Beethoven/Piano_Sonatas/7-1,beethoven_op10_no3_mv1,asap:zhange,0.5577739904004098,0.6558589115898898,0.5277883827834832,0.48967467682785626,0.5577739904004098
pt_frozen,asap_Chopin_Etudes_op_25_4_Taverna02,real,Chopin/Etudes_op_25/4,chopin_op25_no4,asap:taverna,0.23614454055021705,0.4199322451733957,0.24853968437502286,0.03996169210223254,0.23614454055021705
pt_frozen,asap_Chopin_Etudes_op_25_4_UENO02,real,Chopin/Etudes_op_25/4,chopin_op25_no4,asap:ueno,0.12354056525307827,0.42978076532522763,0.09738340712775527,-0.15654247669374804,0.12354056525307827
pt_frozen,asap_Chopin_Etudes_op_25_8_DeTurck02,real,Chopin/Etudes_op_25/8,chopin_op25_no8,asap:deturck,0.49212200095215336,0.6740068318788923,0.4679321281587666,0.3344270428188011,0.49212200095215336
pt_frozen,asap_Chopin_Etudes_op_25_8_MORET03,real,Chopin/Etudes_op_25/8,chopin_op25_no8,asap:moret,0.4700391073383982,0.5042822316038468,0.4157197804511863,0.49011530996016145,0.4700391073383982
pt_frozen,asap_Chopin_Etudes_op_25_8_SOLOM03,real,Chopin/Etudes_op_25/8,chopin_op25_no8,asap:solom,0.446696240076466,0.6296923550246155,0.4496927936009106,0.26070357160387186,0.446696240076466
pt_frozen,asap_Chopin_Etudes_op_25_8_Toscano02,real,Chopin/Etudes_op_25/8,chopin_op25_no8,asap:toscano,0.5255763876321581,0.6146870916154689,0.5694967090241255,0.39254536225687975,0.5255763876321581
pt_frozen,asap_Chopin_Sonata_3_4th_GarritsonL11M,real,Chopin/Sonata_3/4th,chopin_op58_mv4,asap:garritsonl,0.6340428996636506,0.7202917793633802,0.5518091030273579,0.6300278166002136,0.6340428996636506
pt_frozen,asap_Chopin_Sonata_3_4th_HONG08,real,Chopin/Sonata_3/4th,chopin_op58_mv4,asap:hong,0.5480398139464818,0.6189889591842955,0.45784651860209247,0.5672839640530576,0.5480398139464818
pt_frozen,asap_Chopin_Sonata_3_4th_HuangSW06M,real,Chopin/Sonata_3/4th,chopin_op58_mv4,asap:huangsw,0.5386745524439235,0.6653105724790651,0.3181260450169592,0.632587039835746,0.5386745524439235
pt_frozen,asap_Chopin_Sonata_3_4th_Huangci06,real,Chopin/Sonata_3/4th,chopin_op58_mv4,asap:huangci,0.5923508242078538,0.7069994842030503,0.48151165586822003,0.5885413325522914,0.5923508242078538
pt_frozen,asap_Chopin_Sonata_3_4th_KimSJ10M,real,Chopin/Sonata_3/4th,chopin_op58_mv4,asap:kimsj,0.6030557335825583,0.7235787693351591,0.4800362163060872,0.6055522151064284,0.6030557335825583
pt_frozen,asap_Chopin_Sonata_3_4th_KimSY23M,real,Chopin/Sonata_3/4th,chopin_op58_mv4,asap:kimsy,0.5605728199010576,0.7602131685966732,0.27863488093549804,0.6428704101710014,0.5605728199010576
pt_frozen,asap_Chopin_Sonata_3_4th_SCHU09,real,Chopin/Sonata_3/4th,chopin_op58_mv4,asap:schu,0.5875730389588819,0.6739599683828418,0.547554407188042,0.5412047413057619,0.5875730389588819
pt_frozen,asap_Chopin_Sonata_3_4th_Shybayeva07,real,Chopin/Sonata_3/4th,chopin_op58_mv4,asap:shybayeva,0.5287354266776856,0.6658244231645972,0.35848970834593036,0.5618921485225292,0.5287354266776856
pt_frozen,asap_Chopin_Sonata_3_4th_mikahailoff01,real,Chopin/Sonata_3/4th,chopin_op58_mv4,asap:mikahailoff,0.6172797448099662,0.7020206601467346,0.5607475676699566,0.5890710066132073,0.6172797448099662
pt_frozen,asap_Haydn_Keyboard_Sonatas_48-2_GarritsonL03M,real,Haydn/Keyboard_Sonatas/48-2,asap:Haydn/Keyboard_Sonatas_48-2,asap:garritsonl,0.476206988416239,0.5983035888160194,0.4237546269685369,0.4065627494641605,0.476206988416239
pt_frozen,asap_Haydn_Keyboard_Sonatas_48-2_PrjevalskayaM03M,real,Haydn/Keyboard_Sonatas/48-2,asap:Haydn/Keyboard_Sonatas_48-2,asap:prjevalskayam,0.45040606500840674,0.6053953344729803,0.35511394377169125,0.39070891678054875,0.45040606500840674
pt_frozen,asap_Liszt_Transcendental_Etudes_10_CaoJ03M,real,Liszt/Transcendental_Etudes/10,liszt_s139_no10,asap:caoj,0.4015098622522533,0.7166324963053667,0.08292770852727246,0.4049693819241207,0.4015098622522533
pt_frozen,asap_Liszt_Transcendental_Etudes_10_Goldberg02,real,Liszt/Transcendental_Etudes/10,liszt_s139_no10,asap:goldberg,0.4768189591240744,0.6851698129857101,0.25378121259217795,0.49150585179433526,0.4768189591240744
pt_frozen,asap_Liszt_Transcendental_Etudes_10_HAGINO03,real,Liszt/Transcendental_Etudes/10,liszt_s139_no10,asap:hagino,0.45302183717880024,0.6756191871365496,0.28422064951070847,0.3992256748891427,0.45302183717880024
pt_frozen,asap_Liszt_Transcendental_Etudes_10_Huang17M,real,Liszt/Transcendental_Etudes/10,liszt_s139_no10,asap:huang,0.3655049423650009,0.6537903065208286,0.04883943783349484,0.39388508274067935,0.3655049423650009
pt_frozen,asap_Liszt_Transcendental_Etudes_10_Hwang03,real,Liszt/Transcendental_Etudes/10,liszt_s139_no10,asap:hwang,0.39160487282255346,0.5814677697985463,0.1342021861990475,0.45914466247006663,0.39160487282255346
pt_frozen,asap_Liszt_Transcendental_Etudes_10_Kim02,real,Liszt/Transcendental_Etudes/10,liszt_s139_no10,asap:kim,0.4740008421346939,0.7025533177831814,0.2058811802797518,0.5135680283411483,0.4740008421346939
pt_frozen,asap_Liszt_Transcendental_Etudes_10_Ladid02,real,Liszt/Transcendental_Etudes/10,liszt_s139_no10,asap:ladid,0.4857226247217566,0.66231655747671,0.276717755135795,0.5181335615527648,0.4857226247217566
pt_frozen,asap_Liszt_Transcendental_Etudes_10_LeungM06M,real,Liszt/Transcendental_Etudes/10,liszt_s139_no10,asap:leungm,0.39313749367934503,0.6208644304570764,0.08932591894129581,0.46922213163966286,0.39313749367934503
pt_frozen,asap_Liszt_Transcendental_Etudes_10_MCVEY02,real,Liszt/Transcendental_Etudes/10,liszt_s139_no10,asap:mcvey,0.47544883583544834,0.7202577964633134,0.23665774413582633,0.46943096690720526,0.47544883583544834
pt_frozen,asap_Liszt_Transcendental_Etudes_10_MorozovY03,real,Liszt/Transcendental_Etudes/10,liszt_s139_no10,asap:morozovy,0.41017516886926125,0.6708272486806949,0.20376703343186878,0.3559312244952203,0.41017516886926125
pt_frozen,asap_Liszt_Transcendental_Etudes_10_Qin03,real,Liszt/Transcendental_Etudes/10,liszt_s139_no10,asap:qin,0.3759664869348173,0.62002205050964,-0.002451789421711925,0.5103291997165238,0.3759664869348173
pt_frozen,asap_Liszt_Transcendental_Etudes_10_SUDBIN02,real,Liszt/Transcendental_Etudes/10,liszt_s139_no10,asap:sudbin,0.43803458963936465,0.5956896016896869,0.12903597820133875,0.5893781890270682,0.43803458963936465
pt_frozen,asap_Liszt_Transcendental_Etudes_10_Shamray02,real,Liszt/Transcendental_Etudes/10,liszt_s139_no10,asap:shamray,0.4415415044208899,0.6183534308825924,0.18687709877603803,0.5193939836040394,0.4415415044208899
pt_frozen,asap_Liszt_Transcendental_Etudes_10_Tran02,real,Liszt/Transcendental_Etudes/10,liszt_s139_no10,asap:tran,0.3616467762209041,0.5823594759025695,0.1345903885230627,0.36799046423707993,0.3616467762209041
pt_frozen,asap_Liszt_Transcendental_Etudes_10_Uiasiuk03,real,Liszt/Transcendental_Etudes/10,liszt_s139_no10,asap:uiasiuk,0.45747030621934925,0.6723918918198226,0.2563755822303857,0.44364344460783944,0.45747030621934925
pt_frozen,asap_Liszt_Transcendental_Etudes_10_Yeletskiy03,real,Liszt/Transcendental_Etudes/10,liszt_s139_no10,asap:yeletskiy,0.43059605402708945,0.6654993314006656,0.27101452444263396,0.3552743062379687,0.43059605402708945
pt_frozen,asap_Mozart_Piano_Sonatas_12-2_MunA04,real,Mozart/Piano_Sonatas/12-2,mozart_k332_mv2,asap:muna,0.5553918329101322,0.756972981048292,0.338356805445286,0.5708457122368185,0.5553918329101322
pt_frozen,asap_Mozart_Piano_Sonatas_12-2_WuuE03,real,Mozart/Piano_Sonatas/12-2,mozart_k332_mv2,asap:wuue,0.5546150797681285,0.8040515632070702,0.2651030757297899,0.5946906003675254,0.5546150797681285
pt_frozen,asap_Mozart_Piano_Sonatas_8-1_Bogdanovitch01,real,Mozart/Piano_Sonatas/8-1,mozart_k310_mv1,asap:bogdanovitch,0.5908472803261472,0.7240376021286987,0.3995940299765033,0.6489102088732396,0.5908472803261472
pt_frozen,asap_Mozart_Piano_Sonatas_8-1_Jia01,real,Mozart/Piano_Sonatas/8-1,mozart_k310_mv1,asap:jia,0.4857695232874361,0.5865858600296946,0.21475845864126702,0.6559642511913467,0.4857695232874361
pt_frozen,asap_Mozart_Piano_Sonatas_8-1_LEE_J03,real,Mozart/Piano_Sonatas/8-1,mozart_k310_mv1,asap:leej,0.633958396451479,0.7219678380249382,0.46881354152946886,0.7110938098000298,0.633958396451479
pt_frozen,asap_Mozart_Piano_Sonatas_8-1_Lo01,real,Mozart/Piano_Sonatas/8-1,mozart_k310_mv1,asap:lo,0.6377208992303496,0.7565143641673251,0.4337778930908606,0.7228704404328631,0.6377208992303496
pt_frozen,asap_Mozart_Piano_Sonatas_8-1_Rozanski02,real,Mozart/Piano_Sonatas/8-1,mozart_k310_mv1,asap:rozanski,0.6065576469821946,0.6983184957271668,0.4015876272850648,0.7197668179343524,0.6065576469821946
pt_E,asap_Bach_Fugue_bwv_854_LuA01M,real,Bach/Fugue/bwv_854,bach_bwv854_fugue,asap:lua,0.6264987327121406,0.5422151268244256,0.596697436540268,0.7405836347717283,0.6264987327121406
pt_E,asap_Bach_Fugue_bwv_854_MiyashitaM01M,real,Bach/Fugue/bwv_854,bach_bwv854_fugue,asap:miyashitam,0.6183774186467027,0.477648550039157,0.7139310469516398,0.6635526589493114,0.6183774186467027
pt_E,asap_Bach_Fugue_bwv_854_Ozaki01M,real,Bach/Fugue/bwv_854,bach_bwv854_fugue,asap:ozaki,0.6367007897548828,0.5191778296282561,0.5671537271840816,0.8237708124523105,0.6367007897548828
pt_E,asap_Bach_Fugue_bwv_854_Richardson01M,real,Bach/Fugue/bwv_854,bach_bwv854_fugue,asap:richardson,0.613177788317357,0.5656930533638123,0.582756454967972,0.6910838566202869,0.613177788317357
pt_E,asap_Bach_Fugue_bwv_854_WangA01M,real,Bach/Fugue/bwv_854,bach_bwv854_fugue,asap:wanga,0.6489825428059509,0.5936532785046618,0.6105595325476884,0.7427348173655025,0.6489825428059509
pt_E,asap_Bach_Fugue_bwv_864_SunD01M,real,Bach/Fugue/bwv_864,bach_bwv864_fugue,asap:sund,0.3034147957001664,0.4479215323236625,0.3053156990850147,0.15700715569182186,0.3034147957001664
pt_E,asap_Bach_Italian_concerto_KyykhynenT03,real,Bach/Italian_concerto,asap:Bach/Italian_concerto,asap:kyykhynent,0.612115532730347,0.8616119409756714,0.5923592356952804,0.38237542152008913,0.612115532730347
pt_E,asap_Bach_Italian_concerto_LeeN07,real,Bach/Italian_concerto,asap:Bach/Italian_concerto,asap:leen,0.5463709547901787,0.8616419845222326,0.26050280243846263,0.5169680774098409,0.5463709547901787
pt_E,asap_Bach_Italian_concerto_TanakaM03,real,Bach/Italian_concerto,asap:Bach/Italian_concerto,asap:tanakam,0.5594369488894055,0.7773404120933086,0.5168683811674897,0.3841020534074183,0.5594369488894055
pt_E,asap_Bach_Prelude_bwv_885_Chon02,real,Bach/Prelude/bwv_885,bach_bwv885_prelude,asap:chon,0.060891878771219356,0.33467889191343275,-0.17202170525991775,0.020018449660143087,0.060891878771219356
pt_E,asap_Bach_Prelude_bwv_885_Guo01M,real,Bach/Prelude/bwv_885,bach_bwv885_prelude,asap:guo,-0.0033037024180026776,0.3440262079131117,-0.3204708823677387,-0.03346643279938107,-0.0033037024180026776
pt_E,asap_Bach_Prelude_bwv_885_Huang04M,real,Bach/Prelude/bwv_885,bach_bwv885_prelude,asap:huang,0.25626392191783126,0.2924619685154321,0.4825250844532246,-0.006195287215162956,0.25626392191783126
pt_E,asap_Bach_Prelude_bwv_885_JeonH01M,real,Bach/Prelude/bwv_885,bach_bwv885_prelude,asap:jeonh,0.11720164450621573,0.47132811411552816,-0.13629471363502302,0.0165715330381421,0.11720164450621573
pt_E,asap_Bach_Prelude_bwv_885_SINKEV01,real,Bach/Prelude/bwv_885,bach_bwv885_prelude,asap:sinkev,0.16892494262227076,0.39894137536481433,0.3992421742715008,-0.29140872176950294,0.16892494262227076
pt_E,asap_Bach_Prelude_bwv_885_SINKEV06,real,Bach/Prelude/bwv_885,bach_bwv885_prelude,asap:sinkev,0.23043035382394916,0.40609429616969556,0.5207189463276761,-0.23552218102552408,0.23043035382394916
pt_E,asap_Beethoven_Piano_Sonatas_1-1_KimG01,real,Beethoven/Piano_Sonatas/1-1,beethoven_op2_no1_mv1,asap:kimg,0.5425872706023706,0.5414351721005467,0.42315168753706156,0.6631749521695036,0.5425872706023706
pt_E,asap_Beethoven_Piano_Sonatas_2-1_Kochetkova01,real,Beethoven/Piano_Sonatas/2-1,beethoven_op2_no2_mv1,asap:kochetkova,0.4811244556025051,0.7179383529024264,0.2845479114838297,0.44088710242125934,0.4811244556025051
pt_E,asap_Beethoven_Piano_Sonatas_2-1_OUSSET01,real,Beethoven/Piano_Sonatas/2-1,beethoven_op2_no2_mv1,asap:ousset,0.5303845634050132,0.760742613766822,0.365961343168114,0.46444973328010375,0.5303845634050132
pt_E,asap_Beethoven_Piano_Sonatas_2-1_Yang02,real,Beethoven/Piano_Sonatas/2-1,beethoven_op2_no2_mv1,asap:yang,0.5119686765404751,0.7425407405813351,0.32221278626947997,0.47115250277061016,0.5119686765404751
pt_E,asap_Beethoven_Piano_Sonatas_4-1_BENABD01,real,Beethoven/Piano_Sonatas/4-1,beethoven_op7_mv1,asap:benabd,0.41236310192866554,0.5125193243927272,0.19706642576957123,0.5275035556236982,0.41236310192866554
pt_E,asap_Beethoven_Piano_Sonatas_4-1_Benabdallah01,real,Beethoven/Piano_Sonatas/4-1,beethoven_op7_mv1,asap:benabdallah,0.40197230197157285,0.5561275892883122,0.08590148138712042,0.563887835239286,0.40197230197157285
pt_E,asap_Beethoven_Piano_Sonatas_4-1_CaiC01,real,Beethoven/Piano_Sonatas/4-1,beethoven_op7_mv1,asap:caic,0.5085872351724224,0.5963241858995366,0.411801364169054,0.5176361554486766,0.5085872351724224
pt_E,asap_Beethoven_Piano_Sonatas_4-1_Chon03M,real,Beethoven/Piano_Sonatas/4-1,beethoven_op7_mv1,asap:chon,0.41428614627753374,0.5651104315825395,0.14433459675658797,0.5334134104934737,0.41428614627753374
pt_E,asap_Beethoven_Piano_Sonatas_4-1_LeeE02M,real,Beethoven/Piano_Sonatas/4-1,beethoven_op7_mv1,asap:leee,0.4420320284283086,0.6420381197794335,0.16563268733711564,0.5184252781683766,0.4420320284283086
pt_E,asap_Beethoven_Piano_Sonatas_4-1_LiA04M,real,Beethoven/Piano_Sonatas/4-1,beethoven_op7_mv1,asap:lia,0.4388850614361992,0.5294521786008225,0.21026283530346943,0.5769401704043058,0.4388850614361992
pt_E,asap_Beethoven_Piano_Sonatas_4-1_Shamray01,real,Beethoven/Piano_Sonatas/4-1,beethoven_op7_mv1,asap:shamray,0.3859119726901552,0.5306415360183905,0.16961888389122476,0.4574754981608503,0.3859119726901552
pt_E,asap_Beethoven_Piano_Sonatas_4-1_SirajA02M,real,Beethoven/Piano_Sonatas/4-1,beethoven_op7_mv1,asap:siraja,0.44178116697160075,0.6383150339303285,0.16052752415817664,0.526500942826297,0.44178116697160075
pt_E,asap_Beethoven_Piano_Sonatas_4-1_Zhao01,real,Beethoven/Piano_Sonatas/4-1,beethoven_op7_mv1,asap:zhao,0.5176705164881503,0.6406975200751353,0.34237068804159604,0.5699433413477198,0.5176705164881503
pt_E,asap_Beethoven_Piano_Sonatas_5-1_Colafelice02M,real,Beethoven/Piano_Sonatas/5-1,beethoven_op10_no1_mv1,asap:colafelice,0.43803966930935573,0.679474686805926,0.36028611977463365,0.2743582013475075,0.43803966930935573
pt_E,asap_Beethoven_Piano_Sonatas_5-1_SunD02M,real,Beethoven/Piano_Sonatas/5-1,beethoven_op10_no1_mv1,asap:sund,0.536092145612518,0.6566094866558838,0.42373754322741203,0.5279294069542582,0.536092145612518
pt_E,asap_Beethoven_Piano_Sonatas_5-1_Wong01,real,Beethoven/Piano_Sonatas/5-1,beethoven_op10_no1_mv1,asap:wong,0.4682011345852313,0.6467088538088159,0.21739263574586346,0.5405019142010148,0.4682011345852313
pt_E,asap_Beethoven_Piano_Sonatas_7-1_Hebert01M,real,Beethoven/Piano_Sonatas/7-1,beethoven_op10_no3_mv1,asap:hebert,0.392861797689426,0.7148784613339173,-0.03870461185502297,0.5024115435893836,0.392861797689426
pt_E,asap_Beethoven_Piano_Sonatas_7-1_KOLESO01,real,Beethoven/Piano_Sonatas/7-1,beethoven_op10_no3_mv1,asap:koleso,0.48041624543250805,0.7471842982531776,0.13467841898655705,0.5593860190577894,0.48041624543250805
pt_E,asap_Beethoven_Piano_Sonatas_7-1_Larionova04M,real,Beethoven/Piano_Sonatas/7-1,beethoven_op10_no3_mv1,asap:larionova,0.5836095921713434,0.6845992527689347,0.5481363962099609,0.5180931275351346,0.5836095921713434
pt_E,asap_Beethoven_Piano_Sonatas_7-1_LeeS02M,real,Beethoven/Piano_Sonatas/7-1,beethoven_op10_no3_mv1,asap:lees,0.5081424953006675,0.6774661665403994,0.37985900249459775,0.46710231686700526,0.5081424953006675
pt_E,asap_Beethoven_Piano_Sonatas_7-1_Lee_E01,real,Beethoven/Piano_Sonatas/7-1,beethoven_op10_no3_mv1,asap:leee,0.5270406959671284,0.7225482157526325,0.2857929869079122,0.5727808852408405,0.5270406959671284
pt_E,asap_Beethoven_Piano_Sonatas_7-1_MATSUM01,real,Beethoven/Piano_Sonatas/7-1,beethoven_op10_no3_mv1,asap:matsum,0.4818502296170344,0.6571094837417394,0.3924488388714926,0.3959923662378713,0.4818502296170344
pt_E,asap_Beethoven_Piano_Sonatas_7-1_Wang02M,real,Beethoven/Piano_Sonatas/7-1,beethoven_op10_no3_mv1,asap:wang,0.3383002191523566,0.7151540324356218,-0.11471539042489909,0.41446201544634703,0.3383002191523566
pt_E,asap_Beethoven_Piano_Sonatas_7-1_WangY01M,real,Beethoven/Piano_Sonatas/7-1,beethoven_op10_no3_mv1,asap:wangy,0.40925387091972376,0.6196724418196504,0.040150465925751534,0.5679387050137693,0.40925387091972376
pt_E,asap_Beethoven_Piano_Sonatas_7-1_ZhangE02M,real,Beethoven/Piano_Sonatas/7-1,beethoven_op10_no3_mv1,asap:zhange,0.5177627889562584,0.6949283314362433,0.4115000312466951,0.44686000418583666,0.5177627889562584
pt_E,asap_Chopin_Etudes_op_25_4_Taverna02,real,Chopin/Etudes_op_25/4,chopin_op25_no4,asap:taverna,0.05671713315578422,0.3657607362951752,-0.2160507588182973,0.020441421990474763,0.05671713315578422
pt_E,asap_Chopin_Etudes_op_25_4_UENO02,real,Chopin/Etudes_op_25/4,chopin_op25_no4,asap:ueno,0.0559714174335676,0.33933314539158355,-0.11331934492127645,-0.05809954816960431,0.0559714174335676
pt_E,asap_Chopin_Etudes_op_25_8_DeTurck02,real,Chopin/Etudes_op_25/8,chopin_op25_no8,asap:deturck,0.4749727329542682,0.60547065674893,0.36169603371539505,0.4577515083984795,0.4749727329542682
pt_E,asap_Chopin_Etudes_op_25_8_MORET03,real,Chopin/Etudes_op_25/8,chopin_op25_no8,asap:moret,0.4948443444495165,0.529424324101315,0.42787203802931406,0.5272366712179206,0.4948443444495165
pt_E,asap_Chopin_Etudes_op_25_8_SOLOM03,real,Chopin/Etudes_op_25/8,chopin_op25_no8,asap:solom,0.5270403753198584,0.6510501469799241,0.4919733783057135,0.43809760067393755,0.5270403753198584
pt_E,asap_Chopin_Etudes_op_25_8_Toscano02,real,Chopin/Etudes_op_25/8,chopin_op25_no8,asap:toscano,0.5466718599673407,0.5881801439274834,0.5663387341109501,0.48549670186358845,0.5466718599673407
pt_E,asap_Chopin_Sonata_3_4th_GarritsonL11M,real,Chopin/Sonata_3/4th,chopin_op58_mv4,asap:garritsonl,0.5401219350768213,0.7068049463500882,0.29785007123177804,0.6157107876485977,0.5401219350768213
pt_E,asap_Chopin_Sonata_3_4th_HONG08,real,Chopin/Sonata_3/4th,chopin_op58_mv4,asap:hong,0.4565076624530901,0.6687058246624584,0.23566130177541114,0.4651558609214007,0.4565076624530901
pt_E,asap_Chopin_Sonata_3_4th_HuangSW06M,real,Chopin/Sonata_3/4th,chopin_op58_mv4,asap:huangsw,0.5496579031843168,0.6281633790543106,0.40838820743907817,0.6124221230595618,0.5496579031843168
pt_E,asap_Chopin_Sonata_3_4th_Huangci06,real,Chopin/Sonata_3/4th,chopin_op58_mv4,asap:huangci,0.5232644801757124,0.714384089786699,0.29303096856873906,0.5623783821716991,0.5232644801757124
pt_E,asap_Chopin_Sonata_3_4th_KimSJ10M,real,Chopin/Sonata_3/4th,chopin_op58_mv4,asap:kimsj,0.6197616762875932,0.7704552484405209,0.5404272003316974,0.5484025800905612,0.6197616762875932
pt_E,asap_Chopin_Sonata_3_4th_KimSY23M,real,Chopin/Sonata_3/4th,chopin_op58_mv4,asap:kimsy,0.5483674943004923,0.7582897561169828,0.31593375510056826,0.5708789716839257,0.5483674943004923
pt_E,asap_Chopin_Sonata_3_4th_SCHU09,real,Chopin/Sonata_3/4th,chopin_op58_mv4,asap:schu,0.5336258295628856,0.6482294207572056,0.5028386762240928,0.4498093917073584,0.5336258295628856
pt_E,asap_Chopin_Sonata_3_4th_Shybayeva07,real,Chopin/Sonata_3/4th,chopin_op58_mv4,asap:shybayeva,0.4827443191115788,0.6618275977546767,0.29172709259568314,0.49467826698437645,0.4827443191115788
pt_E,asap_Chopin_Sonata_3_4th_mikahailoff01,real,Chopin/Sonata_3/4th,chopin_op58_mv4,asap:mikahailoff,0.5303834068787833,0.7156794103551172,0.30508603380699273,0.5703847764742399,0.5303834068787833
pt_E,asap_Haydn_Keyboard_Sonatas_48-2_GarritsonL03M,real,Haydn/Keyboard_Sonatas/48-2,asap:Haydn/Keyboard_Sonatas_48-2,asap:garritsonl,0.5321232362384446,0.6886365741982858,0.471414893116988,0.4363182414000599,0.5321232362384446
pt_E,asap_Haydn_Keyboard_Sonatas_48-2_PrjevalskayaM03M,real,Haydn/Keyboard_Sonatas/48-2,asap:Haydn/Keyboard_Sonatas_48-2,asap:prjevalskayam,0.4918388185959168,0.6327008883591501,0.4551302959147846,0.3876852715138158,0.4918388185959168
pt_E,asap_Liszt_Transcendental_Etudes_10_CaoJ03M,real,Liszt/Transcendental_Etudes/10,liszt_s139_no10,asap:caoj,0.4851741372652795,0.7151673860038679,0.31754687543577664,0.42280815035619407,0.4851741372652795
pt_E,asap_Liszt_Transcendental_Etudes_10_Goldberg02,real,Liszt/Transcendental_Etudes/10,liszt_s139_no10,asap:goldberg,0.535378605026036,0.7216758013503815,0.33314866160954,0.5513113521181863,0.535378605026036
pt_E,asap_Liszt_Transcendental_Etudes_10_HAGINO03,real,Liszt/Transcendental_Etudes/10,liszt_s139_no10,asap:hagino,0.5287711610708065,0.6985581255725963,0.4590005855639188,0.42875477207590446,0.5287711610708065
pt_E,asap_Liszt_Transcendental_Etudes_10_Huang17M,real,Liszt/Transcendental_Etudes/10,liszt_s139_no10,asap:huang,0.43630453602065966,0.6481237149941141,0.18458918449141296,0.4762007085764518,0.43630453602065966
pt_E,asap_Liszt_Transcendental_Etudes_10_Hwang03,real,Liszt/Transcendental_Etudes/10,liszt_s139_no10,asap:hwang,0.49539638769319844,0.6253384394497695,0.32421563384840185,0.536635089781424,0.49539638769319844
pt_E,asap_Liszt_Transcendental_Etudes_10_Kim02,real,Liszt/Transcendental_Etudes/10,liszt_s139_no10,asap:kim,0.5151647687477175,0.6864435067782394,0.27720155624638454,0.5818492432185289,0.5151647687477175
pt_E,asap_Liszt_Transcendental_Etudes_10_Ladid02,real,Liszt/Transcendental_Etudes/10,liszt_s139_no10,asap:ladid,0.4730875150906247,0.5770967329459696,0.2923317466286451,0.5498340656972593,0.4730875150906247
pt_E,asap_Liszt_Transcendental_Etudes_10_LeungM06M,real,Liszt/Transcendental_Etudes/10,liszt_s139_no10,asap:leungm,0.4754053279563819,0.636285967249145,0.2756213223117899,0.514308694308211,0.4754053279563819
pt_E,asap_Liszt_Transcendental_Etudes_10_MCVEY02,real,Liszt/Transcendental_Etudes/10,liszt_s139_no10,asap:mcvey,0.5141524243581377,0.6597688648717088,0.3460538704299046,0.5366345377727996,0.5141524243581377
pt_E,asap_Liszt_Transcendental_Etudes_10_MorozovY03,real,Liszt/Transcendental_Etudes/10,liszt_s139_no10,asap:morozovy,0.47439821731087894,0.6567096155836154,0.3450797467024177,0.42140528964660356,0.47439821731087894
pt_E,asap_Liszt_Transcendental_Etudes_10_Qin03,real,Liszt/Transcendental_Etudes/10,liszt_s139_no10,asap:qin,0.4867188631616135,0.64321338666656,0.27588759558579173,0.5410556072324889,0.4867188631616135
pt_E,asap_Liszt_Transcendental_Etudes_10_SUDBIN02,real,Liszt/Transcendental_Etudes/10,liszt_s139_no10,asap:sudbin,0.5465660925739778,0.6804650287565436,0.37286042857626084,0.586372820389129,0.5465660925739778
pt_E,asap_Liszt_Transcendental_Etudes_10_Shamray02,real,Liszt/Transcendental_Etudes/10,liszt_s139_no10,asap:shamray,0.48527503616072964,0.593862223613697,0.3285852799396963,0.5333776049287956,0.48527503616072964
pt_E,asap_Liszt_Transcendental_Etudes_10_Tran02,real,Liszt/Transcendental_Etudes/10,liszt_s139_no10,asap:tran,0.3969893830588573,0.5637886633953174,0.2150771502085507,0.41210233557270376,0.3969893830588573
pt_E,asap_Liszt_Transcendental_Etudes_10_Uiasiuk03,real,Liszt/Transcendental_Etudes/10,liszt_s139_no10,asap:uiasiuk,0.49502789441778483,0.6115358155872715,0.3918029666333544,0.48174490103272866,0.49502789441778483
pt_E,asap_Liszt_Transcendental_Etudes_10_Yeletskiy03,real,Liszt/Transcendental_Etudes/10,liszt_s139_no10,asap:yeletskiy,0.46753447500821016,0.6644036911180387,0.344222689629428,0.3939770442771638,0.46753447500821016
pt_E,asap_Mozart_Piano_Sonatas_12-2_MunA04,real,Mozart/Piano_Sonatas/12-2,mozart_k332_mv2,asap:muna,0.622472242668881,0.7974502923278814,0.4262873989307018,0.6436790367480597,0.622472242668881
pt_E,asap_Mozart_Piano_Sonatas_12-2_WuuE03,real,Mozart/Piano_Sonatas/12-2,mozart_k332_mv2,asap:wuue,0.6203103393438812,0.8384888082124761,0.36711875042872294,0.6553234593904446,0.6203103393438812
pt_E,asap_Mozart_Piano_Sonatas_8-1_Bogdanovitch01,real,Mozart/Piano_Sonatas/8-1,mozart_k310_mv1,asap:bogdanovitch,0.5487030967300774,0.6691740646066761,0.3578531389107554,0.6190820866728008,0.5487030967300774
pt_E,asap_Mozart_Piano_Sonatas_8-1_Jia01,real,Mozart/Piano_Sonatas/8-1,mozart_k310_mv1,asap:jia,0.5266174263052975,0.627198985954875,0.3311336472882109,0.6215196456728065,0.5266174263052975
pt_E,asap_Mozart_Piano_Sonatas_8-1_LEE_J03,real,Mozart/Piano_Sonatas/8-1,mozart_k310_mv1,asap:leej,0.5568574527051569,0.6709332370564876,0.35360706890375093,0.6460320521552321,0.5568574527051569
pt_E,asap_Mozart_Piano_Sonatas_8-1_Lo01,real,Mozart/Piano_Sonatas/8-1,mozart_k310_mv1,asap:lo,0.6031356164962175,0.7173905688077516,0.3779368262589618,0.7140794544219389,0.6031356164962175
pt_E,asap_Mozart_Piano_Sonatas_8-1_Rozanski02,real,Mozart/Piano_Sonatas/8-1,mozart_k310_mv1,asap:rozanski,0.5588764538795986,0.6788649628636522,0.30825194876839057,0.6895124500067531,0.5588764538795986
